{"model":{"version":3,"nodes":[{"name":"RootNode","position":[0,0,0],"rotation":[0,0,0],"scale":[0.01,0.01,0.01],"scaleCompensation":false},{"name":"mushroom1","position":[0,0,0],"rotation":[0,0,0],"scale":[1.26663,1.26663,1.26663],"scaleCompensation":false}],"parents":[-1,0],"skins":[],"morphs":[],"vertices":[{"position":{"type":"float32","components":3,"data":[4.43005e-09,-1.23346e-06,3.45361e-09,0.0173705,0.0301891,-1.28556,1.01571,-0.0129578,-0.788704,1.07287,1.30559,-0.753005,0.123961,1.32716,-1.21802,0.899473,2.62414,-0.717306,-1.48797e-08,2.62414,-1.15047,4.43005e-09,-1.23346e-06,3.45361e-09,1.01571,-0.0129578,-0.788704,1.2492,-0.0463482,0.302065,1.12162,2.62414,0.256003,1.30069,1.28889,0.279034,1.07287,1.30559,-0.753005,0.899473,2.62414,-0.717306,4.43005e-09,-1.23346e-06,3.45361e-09,1.2492,-0.0463482,0.302065,0.542015,-0.0448384,1.16537,0.49917,2.62414,1.03654,0.635868,1.28965,1.10095,1.30069,1.28889,0.279034,1.12162,2.62414,0.256003,4.43005e-09,-1.23346e-06,3.45361e-09,0.542015,-0.0448384,1.16537,-0.573316,-0.00956525,1.15113,0.49917,2.62414,1.03654,-0.420967,1.30729,1.09383,0.635868,1.28965,1.10095,-0.49917,2.62414,1.03654,4.43005e-09,-1.23346e-06,3.45361e-09,-0.573316,-0.00956525,1.15113,-1.25693,0.0329098,0.270064,-0.49917,2.62414,1.03654,-1.074,1.32852,0.263034,-0.420967,1.30729,1.09383,-1.12162,2.62414,0.256004,4.43005e-09,-1.23346e-06,3.45361e-09,-1.25693,0.0329098,0.270064,-0.994048,0.0506022,-0.814367,-0.899473,2.62414,-0.717306,-1.074,1.32852,0.263034,-1.12162,2.62414,0.256004,-0.831484,1.33737,-0.765836,4.43005e-09,-1.23346e-06,3.45361e-09,-0.994048,0.0506022,-0.814367,0.0173705,0.0301891,-1.28556,0.123961,1.32716,-1.21802,-0.831484,1.33737,-0.765836,-1.48797e-08,2.62414,-1.15047,-0.899473,2.62414,-0.717306,1.12162,2.62414,0.256003,1.47208,2.30227,3.0568,0.49917,2.62414,1.03654,3.30773,2.30227,0.754967,-3.30773,2.30227,0.754968,-2.65259,2.30227,-2.11537,-0.899473,2.62414,-0.717306,-1.12162,2.62414,0.256004,-0.49917,2.62414,1.03654,-3.30773,2.30227,0.754968,-1.12162,2.62414,0.256004,-1.47208,2.30227,3.0568,3.30773,2.30227,0.754967,0.899473,2.62414,-0.717306,2.65259,2.30227,-2.11537,1.12162,2.62414,0.256003,8.953e-08,2.30227,-3.39279,-1.48797e-08,2.62414,-1.15047,-2.65259,2.30227,-2.11537,-0.899473,2.62414,-0.717306,8.953e-08,2.30227,-3.39279,2.65259,2.30227,-2.11537,-1.48797e-08,2.62414,-1.15047,0.899473,2.62414,-0.717306,1.47208,2.30227,3.0568,-0.49917,2.62414,1.03654,0.49917,2.62414,1.03654,-1.47208,2.30227,3.0568,-1.45135,3.10232,3.01376,-3.30773,2.30227,0.754968,-1.47208,2.30227,3.0568,-3.26116,3.10232,0.744338,8.953e-08,2.30227,-3.39279,2.61524,3.10232,-2.08559,2.65259,2.30227,-2.11537,8.98954e-08,3.10232,-3.34502,3.30773,2.30227,0.754967,2.61524,3.10232,-2.08559,3.26116,3.10232,0.744337,2.65259,2.30227,-2.11537,-3.30773,2.30227,0.754968,-2.61524,3.10232,-2.08559,-2.65259,2.30227,-2.11537,-3.26116,3.10232,0.744338,-1.45135,3.10232,3.01376,1.47208,2.30227,3.0568,1.45135,3.10232,3.01376,-1.47208,2.30227,3.0568,8.953e-08,2.30227,-3.39279,-2.65259,2.30227,-2.11537,-2.61524,3.10232,-2.08559,8.98954e-08,3.10232,-3.34502,1.45135,3.10232,3.01376,3.30773,2.30227,0.754967,3.26116,3.10232,0.744337,1.47208,2.30227,3.0568,-1.61207,4.29923,0.367946,-2.61524,3.10232,-2.08559,-3.26116,3.10232,0.744338,-1.29278,4.29923,-1.03096,1.45135,3.10232,3.01376,-0.71744,4.29923,1.48978,-1.45135,3.10232,3.01376,0.71744,4.29923,1.48978,5.12532e-08,4.29923,-1.65353,8.98954e-08,3.10232,-3.34502,-1.29278,4.29923,-1.03096,-2.61524,3.10232,-2.08559,3.26116,3.10232,0.744337,0.71744,4.29923,1.48978,1.45135,3.10232,3.01376,1.61207,4.29923,0.367945,3.26116,3.10232,0.744337,2.61524,3.10232,-2.08559,1.29278,4.29923,-1.03096,1.61207,4.29923,0.367945,1.29278,4.29923,-1.03096,8.98954e-08,3.10232,-3.34502,5.12532e-08,4.29923,-1.65353,2.61524,3.10232,-2.08559,-3.26116,3.10232,0.744338,-1.45135,3.10232,3.01376,-0.71744,4.29923,1.48978,-1.61207,4.29923,0.367946,0.71744,4.29923,1.48978,1.61207,4.29923,0.367945,1.34782e-08,4.5645,1.37732e-07,5.12532e-08,4.29923,-1.65353,-1.29278,4.29923,-1.03096,1.34782e-08,4.5645,1.37732e-07,0.71744,4.29923,1.48978,1.34782e-08,4.5645,1.37732e-07,-0.71744,4.29923,1.48978,-1.29278,4.29923,-1.03096,-1.61207,4.29923,0.367946,1.34782e-08,4.5645,1.37732e-07,1.61207,4.29923,0.367945,1.29278,4.29923,-1.03096,1.34782e-08,4.5645,1.37732e-07,5.12532e-08,4.29923,-1.65353,1.34782e-08,4.5645,1.37732e-07,1.29278,4.29923,-1.03096,-1.61207,4.29923,0.367946,-0.71744,4.29923,1.48978,1.34782e-08,4.5645,1.37732e-07,0.0173705,0.0301891,-1.28556,-0.831484,1.33737,-0.765836,0.123961,1.32716,-1.21802,-0.994048,0.0506022,-0.814367,-0.831484,1.33737,-0.765836,-1.25693,0.0329098,0.270064,-1.074,1.32852,0.263034,-0.994048,0.0506022,-0.814367,-0.420967,1.30729,1.09383,-1.25693,0.0329098,0.270064,-0.573316,-0.00956525,1.15113,-1.074,1.32852,0.263034,-0.420967,1.30729,1.09383,0.542015,-0.0448384,1.16537,0.635868,1.28965,1.10095,-0.573316,-0.00956525,1.15113,0.635868,1.28965,1.10095,0.542015,-0.0448384,1.16537,1.2492,-0.0463482,0.302065,1.30069,1.28889,0.279034,1.30069,1.28889,0.279034,1.2492,-0.0463482,0.302065,1.01571,-0.0129578,-0.788704,1.07287,1.30559,-0.753005,1.01571,-0.0129578,-0.788704,0.123961,1.32716,-1.21802,1.07287,1.30559,-0.753005,0.0173705,0.0301891,-1.28556]},"normal":{"type":"float32","components":3,