{"animation":{"version":4,"name":"mixamo.com","duration":0.0333333,"nodes":[{"name":"Armature","defaults":{"p":[2.09907e-05,0.749496,0.0159192],"r":[-2.77392e-12,3.09445e-07,-1.08331e-05],"s":[1,1,1]},"keys":[{"t":0},{"t":0.0333333}]}]}}