{"model":{"version":3,"nodes":[{"name":"RootNode","position":[0,0,0],"rotation":[0,0,0],"scale":[0.01,0.01,0.01],"scaleCompensation":false},{"name":"Stone3","position":[0,0,0],"rotation":[7.9526,-7.56646,-51.1797],"scale":[1,1,1],"scaleCompensation":false}],"parents":[-1,0],"skins":[],"morphs":[],"vertices":[{"position":{"type":"float32","components":3,"data":[-17.604,81.7482,-37.8169,0.834554,38.4156,-66.6466,-41.6253,47.6683,-37.0483,9.78917,71.6667,-64.4139,0.834554,38.4156,-66.6466,-24.5037,15.6811,-50.4082,-41.6253,47.6683,-37.0483,39.7366,75.7729,-45.3009,0.834554,38.4156,-66.6466,9.78917,71.6667,-64.4139,9.15445,86.8992,-9.55164,-17.604,81.7482,-37.8169,-22.8193,80.4477,-7.85914,20.687,89.1948,-36.5228,-32.1911,28.975,-11.8254,-9.05933,44.4672,24.9926,-25.6307,52.6749,17.7251,-17.9449,16.6969,-3.20896,-25.6307,52.6749,17.7251,-4.32012,69.2919,15.0396,-30.6961,59.2725,0.626544,9.15445,86.8992,-9.55164,-4.32012,69.2919,15.0396,12.885,63.2218,17.7197,38.645,81.6458,-22.8189,0.0308477,11.9679,1.18366,48.8423,64.2072,-16.2745,12.885,63.2218,17.7197,-9.05933,44.4672,24.9926,9.15445,86.8992,-9.55164,38.645,81.6458,-22.8189,20.687,89.1948,-36.5228,39.7366,75.7729,-45.3009,20.687,89.1948,-36.5228,38.645,81.6458,-22.8189,39.7366,75.7729,-45.3009,9.78917,71.6667,-64.4139,20.687,89.1948,-36.5228,9.78917,71.6667,-64.4139,-17.604,81.7482,-37.8169,20.687,89.1948,-36.5228,-32.1911,28.975,-11.8254,-30.6961,59.2725,0.626544,-41.6253,47.6683,-37.0483,-32.1911,28.975,-11.8254,-25.6307,52.6749,17.7251,-30.6961,59.2725,0.626544,-25.6307,52.6749,17.7251,-9.05933,44.4672,24.9926,-4.32012,69.2919,15.0396,12.885,63.2218,17.7197,48.8423,64.2072,-16.2745,38.645,81.6458,-22.8189,-41.6253,47.6683,-37.0483,-24.5037,15.6811,-50.4082,-32.1911,28.975,-11.8254,-24.5037,15.6811,-50.4082,-17.9449,16.6969,-3.20896,-32.1911,28.975,-11.8254,27.7833,33.1105,-38.8476,39.7366,75.7729,-45.3009,48.8423,64.2072,-16.2745,0.834554,38.4156,-66.6466,-9.05933,44.4672,24.9926,12.885,63.2218,17.7197,-4.32012,69.2919,15.0396,48.8423,64.2072,-16.2745,39.7366,75.7729,-45.3009,38.645,81.6458,-22.8189,-22.8193,80.4477,-7.85914,-41.6253,47.6683,-37.0483,-30.6961,59.2725,0.626544,-17.604,81.7482,-37.8169,-4.32012,69.2919,15.0396,-22.8193,80.4477,-7.85914,-30.6961,59.2725,0.626544,9.15445,86.8992,-9.55164,0.0308477,11.9679,1.18366,-17.9449,16.6969,-3.20896,-24.5037,15.6811,-50.4082,0.0308477,11.9679,1.18366,-9.05933,44.4672,24.9926,-17.9449,16.6969,-3.20896,48.8423,64.2072,-16.2745,0.0308477,11.9679,1.18366,27.7833,33.1105,-38.8476,0.834554,38.4156,-66.6466,27.7833,33.1105,-38.8476,-24.5037,15.6811,-50.4082,0.0308477,11.9679,1.18366]},"normal":{"type":"float32","components":3,"data":[-0.551007,0.2869,-0.783633,-0.551007,0.2869,-0.783633,-0.551007,0.2869,-0.783633,-0.551007,0.2869,-0.783633,-0.565258,0.0415386,-0.823868,-0.565258,0.0415386,-0.823868,-0.565258,0.0415386,-0.823868,0.544576,-0.0906685,-0.833796,0.544576,-0.0906685,-0.833796,0.544576,-0.0906685,-0.833796,-0.194007,0.980988,0.00489373,-0.194007,0.980988,0.00489373,-0.194007,0.980988,0.00489373,-0.194007,0.980988,0.00489373,-0.633389,-0.485791,0.60235,-0.633389,-0.485791,0.60235,-0.633389,-0.485791,0.60235,-0.633389,-0.485791,0.60235,-0.518139,0.73514,0.437151,-0.518139,0.73514,0.437151,-0.518139,0.73514,0.437151,0.314354,0.737699,0.59748,0.314354,0.737699,0.59748,0.314354,0.737699,0.59748,0.314354,0.737699,0.59748,0.61934,-0.377439,0.688446,0.61934,-0.377439,0.688446,0.61934,-0.377439,0.688446,0.61934,-0.377439,0.688446,0.254161,0.948436,0.1894,0.254161,0.948436,0.1894,0.254161,0.948436,0.1894,0.503066,0.841849,-0.195487,0.503066,0.841849,-0.195487,0.503066,0.841849,-0.195487,0.268912,0.764673,-0.585629,0.268912,0.764673,-0.585629,0.268912,0.764673,-0.585629,-0.151413,0.8625,-0.482875,-0.151413,0.8625,-0.482875,-0.151413,0.8625,-0.482875,-0.951104,-0.0760977,0.299349,-0.951104,-0.0760977,0.299349,-0.951104,-0.0760977,0.299349,-0.963161,-0.0601953,0.262104,-0.963161,-0.0601953,0.262104,-0.963161,-0.0601953,0.262104,-0.196562,0.396974,0.896535,-0.196562,0.396974,0.896535,-0.196562,0.396974,0.896535,0.562047,0.557834,0.610675,0.562047,0.557834,0.610675,0.562047,0.557834,0.610675,-0.884187,-0.466883,-0.0153003,-0.884187,-0.466883,-0.0153003,-0.884187,-0.466883,-0.0153003,-0.686445,-0.718683,0.110857,-0.686445,-0.718683,0.110857,-0.686445,-0.718683,0.110857,0.762554,-0.300328,-0.572987,0.762554,-0.300328,-0.572987,0.762554,-0.300328,-0.572987,0.762554,-0.300328,-0.572987,-0.0124417,0.374152,0.927284,-0.0124417,0.374152,0.927284,-0.0124417,0.374152,0.927284,0.873517,0.479684,-0.0828936,0.873517,0.479684,-0.0828936,0.873517,0.479684,-0.0828936,-0.866257,0.49959,-0.00292503,-0.866257,0.49959,-0.00292503,-0.866257,0.49959,-0.00292503,-0.866257,0.49959,-0.00292503,-0.335446,0.711394,0.617572,-0.335446,0.711394,0.617572,-0.335446,0.711394,0.617572,-0.335446,0.711394,0.617572,-0.267192,-0.961906,0.0578326,-0.267192,-0.961906,0.0578326,-0.267192,-0.961906,0.0578326,-0.336148,-0.615965,0.712455,-0.336148,-0.615965,0.712455,-0.336148,-0.615965,0.712455,0.748066,-0.63833,0.181474,0.748066,-0.63833,0.181474,0.748066,-0.63833,0.181474,0.363765,-0.869305,-0.334641,0.363765,-0.869305,-0.334641,0.363765,-0.869305,-0.334641,0.363765,-0.869305,-0.334641]},"color":{"type":"uint8","components":4,"data":[255,255,255,255,255,255,255,255,255,255,255,255,255,255,255,255,255,255,255,255,255,255,255,255,255,255,255,255,255,255,255,255,255,255,255,255,255,255,255,255,255,255,255,255,255,255,255,255,255,255,255,255,255,255,255,255,255,255,255,255,255,255,255,255,255,255,255,255,255,255,255,255,255,255,255,255,255,255,255,255,255,255,255,255,255,255,255,255,255,255,255,255,255,255,255,255,255,255,255,255,255,255,255,255,255,255,255,255,255,255,255,255,255,255,255,255,255,255,255,255,255,255,255,255,255,255,255,255,255,255,255,255,255,255,255,255,255,255,255,255,255,255,255,255,255,255,255,255,255,255,255,255,255,255,255,255,255,255,255,255,255,255,255,255,255,255,255,255,255,255,255,255,255,255,255,255,255,255,255,255,255,255,255,255,255,255,255,255,255,255,255,255,255,255,255,255,255,255,255,255,255,255,255,255,255,255,255,255,255,255,255,255,255,255,255,255,255,255,255,255,255,255,255,255,255,255,255,255,255,255,255,255,255,255,255,255,255,255,255,255,255,255,255,255,255,255,255,255,255,255,255,255,255,255,255,255,255,255,255,255,255,255,255,255,255,255,255,255,255,255,255,255,255,255,255,255,255,255,255,255,255,255,255,255,255,255,255,255,255,255,255,255,255,255,255,255,255,255,255,255,255,255,255,255,255,255,255,255,255,255,255,255,255,255,255,255,255,255,255,255,255,255,255,255,255,255,255,255,255,255,255,255,255,255,255,255,255,255,255,255,255,255,255,255,255,255,255,255,255,255,255,255,255,255,255,255,255,255,255,255]},"texCoord0":{"type":"float32","components":2,