{"model":{"version":3,"nodes":[{"name":"RootNode","position":[0,0,0],"rotation":[0,0,0],"scale":[0.01,0.01,0.01],"scaleCompensation":false},{"name":"Bench","position":[0,0,0],"rotation":[0,0,0],"scale":[1,1,1],"scaleCompensation":false}],"parents":[-1,0],"skins":[],"morphs":[],"vertices":[{"position":{"type":"float32","components":3,"data":[-4.05728,26.9382,-80.9856,-4.05728,13.4691,-87.1786,-4.05728,13.4691,-80.6927,-4.05728,26.9382,-87.4716,2.42871,26.9382,-87.4716,2.42871,13.4691,-87.1786,-4.05728,13.4691,-87.1786,-4.05728,26.9382,-87.4716,2.42871,26.9382,-80.9856,2.42871,13.4691,-80.6927,2.42871,13.4691,-87.1786,2.42871,26.9382,-87.4716,-4.05728,26.9382,-80.9856,2.42871,13.4691,-80.6927,2.42871,26.9382,-80.9856,-4.05728,13.4691,-80.6927,2.42871,-9.12533e-05,-80.9856,-4.05728,-9.12533e-05,-80.9856,-4.05728,-9.12533e-05,-87.4716,2.42871,-9.12533e-05,-87.4716,-25.3708,-9.12533e-05,-80.9856,-25.3708,26.9382,-80.9856,-25.3708,26.9382,-87.4716,-25.3708,-9.12533e-05,-87.4716,-18.8848,26.9382,-87.4716,-18.8848,-9.12533e-05,-87.4716,-25.3708,-9.12533e-05,-87.4716,-25.3708,26.9382,-87.4716,-18.8848,26.9382,-80.9856,-18.8848,-9.12533e-05,-80.9856,-18.8848,-9.12533e-05,-87.4716,-18.8848,26.9382,-87.4716,-25.3708,26.9382,-80.9856,-18.8848,-9.12533e-05,-80.9856,-18.8848,26.9382,-80.9856,-25.3708,-9.12533e-05,-80.9856,-18.8848,-9.12533e-05,-80.9856,-25.3708,-9.12533e-05,-80.9856,-25.3708,-9.12533e-05,-87.4716,-18.8848,-9.12533e-05,-87.4716,-25.3708,12.155,2.55571,-25.3708,26.9382,3.19182,-25.3708,26.9382,-3.29417,-25.3708,12.155,-3.93028,-18.8848,26.9382,-3.29417,-18.8848,12.155,-3.93028,-25.3708,12.155,-3.93028,-25.3708,26.9382,-3.29417,-18.8848,12.155,2.55571,-18.8848,26.9382,-3.29417,-18.8848,26.9382,3.19182,-18.8848,12.155,-3.93028,-25.3708,26.9382,3.19182,-18.8848,12.155,2.55571,-18.8848,26.9382,3.19182,-25.3708,12.155,2.55571,-18.8848,-9.12533e-05,3.19182,-25.3708,-9.12533e-05,3.19182,-25.3708,-9.12533e-05,-3.29417,-18.8848,-9.12533e-05,-3.29417,-4.05728,-9.12533e-05,3.19182,-4.05728,26.9382,3.19182,-4.05728,26.9382,-3.29417,-4.05728,-9.12533e-05,-3.29417,2.42871,26.9382,-3.29417,2.42871,-9.12533e-05,-3.29417,-4.05728,-9.12533e-05,-3.29417,-4.05728,26.9382,-3.29417,2.42871,26.9382,3.19182,2.42871,-9.12533e-05,3.19182,2.42871,-9.12533e-05,-3.29417,2.42871,26.9382,-3.29417,-4.05728,26.9382,3.19182,2.42871,-9.12533e-05,3.19182,2.42871,26.9382,3.19182,-4.05728,-9.12533e-05,3.19182,2.42871,-9.12533e-05,3.19182,-4.05728,-9.12533e-05,3.19182,-4.05728,-9.12533e-05,-3.29417,2.42871,-9.12533e-05,-3.29417,-26.6268,31.6749,-17.4405,-26.6268,25.1698,-90.4056,-26.6268,24.7234,-17.4405,-26.6268,32.1213,-90.4056,-26.6268,32.1213,-90.4056,3.23782,32.1213,-90.1126,-26.6268,25.1698,-90.4056,3.23782,25.1698,-90.4056,3.23782,25.1698,6.28435,3.23782,31.6749,-17.1475,3.23782,32.1213,6.57731,3.23782,24.7234,-17.4405,-26.6268,32.1213,6.28435,3.23782,25.1698,6.28435,3.23782,32.1213,6.57731,-26.6268,25.1698,6.28435,3.23782,25.1698,6.28435,-26.6268,25.1698,6.28435,-26.6268,24.7234,-17.4405,3.23782,24.7234,-17.4405,-26.6268,32.1213,6.28435,3.23782,32.1213,6.57731,3.23782,31.6749,-17.1475,-26.6268,31.6749,-17.4405,3.23782,31.6749,-17.1475,3.23782,32.1213,-90.1126,-26.6268,31.6749,-17.4405,-26.6268,32.1213,-90.4056,-26.6268,24.7234,-17.4405,-26.6268,25.1698,-90.4056,3.23782,24.7234,-17.4405,3.23782,25.1698,-90.4056,3.23782,24.7234,-17.4405,3.23782,32.1213,-90.1126,3.23782,31.6749,-17.1475,3.23782,25.1698,-90.4056,-26.6268,32.1213,6.28435,-26.6268,31.6749,-17.4405,-26.6268,25.1698,6.28435,-26.6268,24.7234,-17.4405,-4.05728,13.4691,-80.6927,2.42871,-9.12533e-05,-80.9856,2.42871,13.4691,-80.6927,-4.05728,-9.12533e-05,-80.9856,2.42871,-9.12533e-05,-80.9856,2.42871,13.4691,-87.1786,2.42871,13.4691,-80.6927,2.42871,-9.12533e-05,-87.4716,2.42871,13.4691,-87.1786,2.42871,-9.12533e-05,-87.4716,-4.05728,-9.12533e-05,-87.4716,-4.05728,13.4691,-87.1786,-4.05728,-9.12533e-05,-80.9856,-4.05728,13.4691,-80.6927,-4.05728,13.4691,-87.1786,-4.05728,-9.12533e-05,-87.4716,-25.3708,12.155,2.55571,-18.8848,-9.12533e-05,3.19182,-18.8848,12.155,2.55571,-25.3708,-9.12533e-05,3.19182,-18.8848,12.155,2.55571,-18.8848,-9.12533e-05,3.19182,-18.8848,-9.12533e-05,-3.29417,-18.8848,12.155,-3.93028,-18.8848,12.155,-3.93028,-18.8848,-9.12533e-05,-3.29417,-25.3708,-9.12533e-05,-3.29417,-25.3708,12.155,-3.93028,-25.3708,12.155,2.55571,-25.3708,-9.12533e-05,-3.29417,-25.3708,-9.12533e-05,3.19182,-25.3708,12.155,-3.93028]},"normal":{"type":"float32","components":3,"data":[-1,0,0,-1,0,0,-1,0,0,-1,0,0,0,-0.0217455,-0.999764,0,-0.0217455,-0.999764,0,-0.0217455,-0.999764,0,-0.0217455,-0.999764,1,0,0,1,0,0,1,0,0,1,0,0,0,0.0217455,0.999764,0,0.0217455,0.999764,0,0.0217455,0.999764,0,0.0217455,0.999764,0,-1,0,0,-1,0,0,-1,0,0,-1,0,-1,0,0,-1,0,0,-1,0,0,-1,0,0,0,0,-1,0,0,-1,0,0,-1,0,0,-1,1,0,0,1,0,0,1,0,0,1,0,0,0,0,1,0,0,1,0,0,1,0,0,1,0,-1,0,0,-1,0,0,-1,0,0,-1,0,-1,0,0,-1,0,0,-1,0,0,-1,0,0,0,0.0429891,-0.999075,0,0.0429891,-0.999075,0,0.0429891,-0.999075,0,0.0429891,-0.999075,1,0,0,1,0,0,1,0,0,1,0,0,0,-0.0429892,0.999075,0,-0.0429892,0.999075,0,-0.0429892,0.999075,0,-0.0429892,0.999075,0,-1,0,0,-1,0,0,-1,0,0,-1,0,-1,0,0,-1,0,0,-1,0,0,-1,0,0,0,0,-1,0,0,-1,0,0,-1,0,0,-1,1,0,0,1,0,0,1,0,0,1,0,0,0,0,1,0,0,1,0,0,1,0,0,1,0,-1,0,0,-1,0,0,-1,0,0,-1,0,-1,0,0,-1,0,0,-1,0,0,-1,0,0,0.0049037,0.0210674,-0.999766,0.0049037,0.0210674,-0.999766,0.0049037,0.0210674,-0.999766,0.0049037,0.0210674,-0.999766,1,0,0,1,0,0,1,0,0,1,0,0,-0.00490368,-0.0210669,0.999766,-0.00490368,-0.0210669,0.999766,-0.00490368,-0.0210669,0.999766,-0.00490368,-0.0210669,0.999766,0,-0.999823,0.0188133,0,-0.999823,0.0188133,0,-0.999823,0.0188133,0,-0.999823,0.0188133,0.000184515,0.999823,-0.0188135,0.000184515,0.999823,-0.0188135,0.000184515,0.999823,-0.0188135,0.000184515,0.999823,-0.0188135,-6.00517e-05,0.999981,0.00611825,-6.00517e-05,0.999981,0.00611825,-6.00517e-05,0.999981,0.00611825,-6.00517e-05,0.999981,0.00611825,0,-0.999981,-0.00611817,0,-0.999981,-0.00611817,0,-0.999981,-0.00611817,0,-0.999981,-0.00611817,1,0,0,1,0,0,1,0,0,1,0,0,-1,0,0,-1,0,0,-1,0,0,-1,0,0,0,-0.0217455,0.999763,0,-0.0217455,0.999763,0,-0.0217455,0.999763,0,-0.0217455,0.999763,1,0,0,1,0,0,1,0,0,1,0,0,0,0.0217455,-0.999763,0,0.0217455,-0.999763,0,0.0217455,-0.999763,0,0.0217455,-0.999763,-1,0,0,-1,0,0,-1,0,0,-1,0,0,0,0.052261,0.998633,0,0.052261,0.998633,0,0.052261,0.998633,0,0.052261,0.998633,1,0,0,1,0,0,1,0,0,1,0,0,0,-0.0522609,-0.998633,0,-0.0522609,-0.998633,0,-0.0522609,-0.998633,0,-0.0522609,-0.998633,-1,0,0,-1,0,0,-1,0,0,-1,0,0]},"texCoord0":{"type":"float32","components":2,