{"model":{"version":3,"nodes":[{"name":"RootNode","position":[0,0,0],"rotation":[0,0,0],"scale":[0.01,0.01,0.01],"scaleCompensation":false},{"name":"Plant1","position":[0,0,0],"rotation":[0,0,0],"scale":[0.00703225,0.0283092,0.0283092],"scaleCompensation":false}],"parents":[-1,0],"skins":[],"morphs":[],"vertices":[{"position":{"type":"float32","components":3,"data":[-64.1613,-157.324,74.6695,-471.887,-156.076,23.788,-229.408,106.869,171.169,-926.721,89.8791,80.6965,-274.436,74.8836,197.605,-65.47,-151.816,97.2324,-229.408,106.869,171.169,-497.36,-159.887,47.0962,-274.436,74.8836,197.605,-976.749,65.5139,100.261,-65.47,-151.816,97.2324,-926.721,89.8791,80.6965,-497.36,-159.887,47.0962,-976.749,65.5139,100.261,-471.887,-156.076,23.788,-65.47,-151.816,97.2324,-471.887,-156.076,23.788,-64.1613,-157.324,74.6695,-497.36,-159.887,47.0962,-1154.27,208.061,300.307,-976.749,65.5139,100.261,-1180.06,155.961,291.659,-926.721,89.8791,80.6965,-711.851,154.415,329.524,-1272.1,172.127,480.194,-1180.06,155.961,291.659,-1416.4,177.942,460.186,-229.408,106.869,171.169,-706.452,202.556,331.154,-274.436,74.8836,197.605,-711.851,154.415,329.524,-711.851,154.415,329.524,-1180.06,155.961,291.659,-976.749,65.5139,100.261,-274.436,74.8836,197.605,-706.452,202.556,331.154,-926.721,89.8791,80.6965,-1154.27,208.061,300.307,-229.408,106.869,171.169,-1416.4,177.942,460.186,-1284.81,199.067,484.152,-1423.62,205.352,465.171,-1272.1,172.127,480.194,-1284.81,199.067,484.152,-1154.27,208.061,300.307,-1423.62,205.352,465.171,-706.452,202.556,331.154,-1423.62,205.352,465.171,-1180.06,155.961,291.659,-1416.4,177.942,460.186,-1154.27,208.061,300.307,-706.452,202.556,331.154,-1272.1,172.127,480.194,-711.851,154.415,329.524,-1284.81,199.067,484.152,-61.337,121.655,-102.412,-474.94,-153.693,23.9772,-106.418,-146.899,-38.0905,-734.577,113.378,-35.3019,-490.642,-157.084,4.40917,-734.577,113.378,-35.3019,-788.116,90.1073,-50.6919,-474.94,-153.693,23.9772,-158.53,-145.286,-50.9551,-490.642,-157.084,4.40917,-108.41,97.583,-122.196,-788.116,90.1073,-50.6919,-106.418,-146.899,-38.0905,-108.41,97.583,-122.196,-61.337,121.655,-102.412,-158.53,-145.286,-50.9551,-490.642,-157.084,4.40917,-158.53,-145.286,-50.9551,-474.94,-153.693,23.9772,-106.418,-146.899,-38.0905,-529.968,254.038,-250.235,-108.41,97.583,-122.196,-516.991,224.426,-256.506,-61.337,121.655,-102.412,-996.292,218.531,-187.084,-805.883,275.139,-340.172,-516.991,224.426,-256.506,-992.585,271.181,-334.189,-734.577,113.378,-35.3019,-978.331,246.495,-184.319,-788.116,90.1073,-50.6919,-996.292,218.531,-187.084,-788.116,90.1073,-50.6919,-516.991,224.426,-256.506,-108.41,97.583,-122.196,-996.292,218.531,-187.084,-529.968,254.038,-250.235,-978.331,246.495,-184.319,-734.577,113.378,-35.3019,-61.337,121.655,-102.412,-805.883,275.139,-340.172,-962.534,284.327,-315.846,-803.215,283.55,-311.556,-992.585,271.181,-334.189,-978.331,246.495,-184.319,-529.968,254.038,-250.235,-803.215,283.55,-311.556,-962.534,284.327,-315.846,-516.991,224.426,-256.506,-805.883,275.139,-340.172,-529.968,254.038,-250.235,-803.215,283.55,-311.556,-978.331,246.495,-184.319,-962.534,284.327,-315.846,-996.292,218.531,-187.084,-992.585,271.181,-334.189,-64.1613,-157.324,74.6695,267.801,107.944,105.004,328.617,112.479,-97.6757,-106.418,-146.899,-38.0905,328.617,112.479,-97.6757,-25.259,-150.397,-40.6437,-106.418,-146.899,-38.0905,403.82,90.1117,-100,403.82,90.1117,-100,18.2097,-155.752,67.1479,-25.259,-150.397,-40.6437,340.454,90.5605,96.7882,267.801,107.944,105.004,-64.1613,-157.324,74.6695,18.2097,-155.752,67.1479,340.454,90.5605,96.7882,-64.1613,-157.324,74.6695,-25.259,-150.397,-40.6437,18.2097,-155.752,67.1479,-106.418,-146.899,-38.0905,948.885,261.308,50.7252,267.801,107.944,105.004,340.454,90.5605,96.7882,972.013,228.944,47.0641,954.079,205.99,-77.3263,1756.35,255.906,-8.78556,972.013,228.944,47.0641,1793.43,244.7,24.3022,328.617,112.479,-97.6757,920.975,251.952,-79.4861,403.82,90.1117,-100,954.079,205.99,-77.3263,403.82,90.1117,-100,972.013,228.944,47.0641,340.454,90.5605,96.7882,954.079,205.99,-77.3263,948.885,261.308,50.7252,328.617,112.479,-97.6757,267.801,107.944,105.004,920.975,251.952,-79.4861,1793.43,244.7,24.3022,1771.39,274.5,-1.39555,1799.64,275.55,34.2163,1756.35,255.906,-8.78556,948.885,261.308,50.7252,1771.39,274.5,-1.39555,920.975,251.952,-79.4861,1799.64,275.55,34.2163,972.013,228.944,47.0641,1799.64,275.55,34.2163,948.885,261.308,50.7252,1793.43,244.7,24.3022,920.975,251.952,-79.4861,1756.35,255.906,-8.78556,954.079,205.99,-77.3263,1771.39,274.5,-1.39555,-471.887,-156.076,23.788,-106.418,-146.899,-38.0905,-64.1613,-157.324,74.6695,-474.94,-153.693,23.9772]},"normal":{"type":"float32","components":3,