{"model":{"version":3,"nodes":[{"name":"RootNode","position":[0,0,0],"rotation":[0,0,0],"scale":[0.01,0.01,0.01],"scaleCompensation":false},{"name":"BlueGem","position":[0,0,0],"rotation":[-180,-0,0],"scale":[1,1,1],"scaleCompensation":false}],"parents":[-1,0],"skins":[],"morphs":[],"vertices":[{"position":{"type":"float32","components":3,"data":[5.96046e-06,15.4923,-0.0210762,15.9856,0.518672,-9.22923,5.96046e-06,0.518672,-18.4585,0.0182807,15.4923,-0.0105143,15.9856,0.518672,9.22928,15.9856,0.518672,-9.22923,0.0182807,15.4923,0.0105858,2.98023e-06,0.518672,18.4586,15.9856,0.518672,9.22928,2.98023e-06,0.518672,18.4586,-0.0182688,15.4923,0.0105858,-15.9855,0.518672,9.22928,5.96046e-06,15.4923,-0.0210762,-0.0182688,15.4923,0.0105858,0.0182807,15.4923,0.0105858,-0.0182688,15.4923,0.0105858,-15.9855,0.518672,-9.22923,-15.9855,0.518672,9.22928,-0.0182688,15.4923,-0.0105143,5.96046e-06,0.518672,-18.4585,-15.9855,0.518672,-9.22923,15.9856,0.518672,9.22928,16.9966,-5.29234,-9.81295,15.9856,0.518672,-9.22923,-15.9855,0.518672,-9.22923,-16.9966,-5.29234,9.813,-15.9855,0.518672,9.22928,15.9856,0.518672,-9.22923,5.96046e-06,-5.29234,-19.6259,5.96046e-06,0.518672,-18.4585,15.9856,0.518672,9.22928,2.98023e-06,-5.29234,19.626,16.9966,-5.29234,9.813,5.96046e-06,0.518672,-18.4585,-16.9966,-5.29234,-9.81295,-15.9855,0.518672,-9.22923,2.98023e-06,0.518672,18.4586,-16.9966,-5.29234,9.813,2.98023e-06,-5.29234,19.626,-16.9966,-5.29234,-9.81295,-13.3875,-8.86197,7.72932,-16.9966,-5.29234,9.813,16.9966,-5.29234,9.813,2.98023e-06,-8.86197,15.4586,13.3875,-8.86197,7.72932,16.9966,-5.29234,-9.81295,5.96046e-06,-8.86197,-15.4586,5.96046e-06,-5.29234,-19.6259,5.96046e-06,-5.29234,-19.6259,-13.3875,-8.86197,-7.72927,-16.9966,-5.29234,-9.81295,2.98023e-06,-5.29234,19.626,-13.3875,-8.86197,7.72932,2.98023e-06,-8.86197,15.4586,16.9966,-5.29234,9.813,13.3875,-8.86197,-7.72927,16.9966,-5.29234,-9.81295,13.3875,-8.86197,7.72932,2.98023e-06,-8.86197,15.4586,5.96046e-06,-11.1396,2.38419e-05,-13.3875,-8.86197,7.72932,5.96046e-06,-11.1396,2.38419e-05,2.98023e-06,-8.86197,15.4586,-13.3875,-8.86197,-7.72927,5.96046e-06,-11.1396,2.38419e-05,-13.3875,-8.86197,7.72932,5.96046e-06,-8.86197,-15.4586,5.96046e-06,-11.1396,2.38419e-05,-13.3875,-8.86197,-7.72927,13.3875,-8.86197,-7.72927,5.96046e-06,-11.1396,2.38419e-05,5.96046e-06,-8.86197,-15.4586,13.3875,-8.86197,7.72932,5.96046e-06,-11.1396,2.38419e-05,13.3875,-8.86197,-7.72927,5.96046e-06,15.4923,-0.0210762,0.0182807,15.4923,-0.0105143,15.9856,0.518672,-9.22923,0.0182807,15.4923,-0.0105143,0.0182807,15.4923,0.0105858,15.9856,0.518672,9.22928,0.0182807,15.4923,0.0105858,5.96046e-06,15.4923,0.0211239,2.98023e-06,0.518672,18.4586,2.98023e-06,0.518672,18.4586,5.96046e-06,15.4923,0.0211239,-0.0182688,15.4923,0.0105858,0.0182807,15.4923,0.0105858,0.0182807,15.4923,-0.0105143,5.96046e-06,15.4923,-0.0210762,-0.0182688,15.4923,-0.0105143,-0.0182688,15.4923,0.0105858,-0.0182688,15.4923,0.0105858,5.96046e-06,15.4923,0.0211239,-0.0182688,15.4923,0.0105858,-0.0182688,15.4923,-0.0105143,-15.9855,0.518672,-9.22923,-0.0182688,15.4923,-0.0105143,5.96046e-06,15.4923,-0.0210762,5.96046e-06,0.518672,-18.4585,15.9856,0.518672,9.22928,16.9966,-5.29234,9.813,16.9966,-5.29234,-9.81295,-15.9855,0.518672,-9.22923,-16.9966,-5.29234,-9.81295,-16.9966,-5.29234,9.813,15.9856,0.518672,-9.22923,16.9966,-5.29234,-9.81295,5.96046e-06,-5.29234,-19.6259,15.9856,0.518672,9.22928,2.98023e-06,0.518672,18.4586,2.98023e-06,-5.29234,19.626,5.96046e-06,0.518672,-18.4585,5.96046e-06,-5.29234,-19.6259,-16.9966,-5.29234,-9.81295,2.98023e-06,0.518672,18.4586,-15.9855,0.518672,9.22928,-16.9966,-5.29234,9.813,-16.9966,-5.29234,-9.81295,-13.3875,-8.86197,-7.72927,-13.3875,-8.86197,7.72932,16.9966,-5.29234,9.813,2.98023e-06,-5.29234,19.626,2.98023e-06,-8.86197,15.4586,16.9966,-5.29234,-9.81295,13.3875,-8.86197,-7.72927,5.96046e-06,-8.86197,-15.4586,5.96046e-06,-5.29234,-19.6259,5.96046e-06,-8.86197,-15.4586,-13.3875,-8.86197,-7.72927,2.98023e-06,-5.29234,19.626,-16.9966,-5.29234,9.813,-13.3875,-8.86197,7.72932,16.9966,-5.29234,9.813,13.3875,-8.86197,7.72932,13.3875,-8.86197,-7.72927]},"normal":{"type":"float32","components":3,"data":[0.342023,0.72944,-0.5924,0.342023,0.72944,-0.5924,0.342023,0.72944,-0.5924,0.684045,0.72944,0,0.684045,0.72944,0,0.684045,0.72944,0,0.342023,0.72944,0.5924,0.342023,0.72944,0.5924,0.342023,0.72944,0.5924,-0.342023,0.72944,0.5924,-0.342023,0.72944,0.5924,-0.342023,0.72944,0.5924,0,1,0,0,1,0,0,1,0,-0.684045,0.72944,0,-0.684045,0.72944,0,-0.684045,0.72944,0,-0.342023,0.72944,-0.5924,-0.342023,0.72944,-0.5924,-0.342023,0.72944,-0.5924,0.9852,0.171409,0,0.9852,0.171409,0,0.9852,0.171409,0,-0.9852,0.171409,0,-0.9852,0.171409,0,-0.9852,0.171409,0,0.492601,0.171407,-0.853208,0.492601,0.171407,-0.853208,0.492601,0.171407,-0.853208,0.4926,0.171409,0.853208,0.4926,0.171409,0.853208,0.4926,0.171409,0.853208,-0.492601,0.17141,-0.853208,-0.492601,0.17141,-0.853208,-0.492601,0.17141,-0.853208,-0.4926,0.171407,0.853209,-0.4926,0.171407,0.853209,-0.4926,0.171407,0.853209,-0.703213,-0.710979,0,-0.703213,-0.710979,0,-0.703213,-0.710979,0,0.351607,-0.710979,0.609001,0.351607,-0.710979,0.609001,0.351607,-0.710979,0.609001,0.351607,-0.710979,-0.609001,0.351607,-0.710979,-0.609001,0.351607,-0.710979,-0.609001,-0.351607,-0.710979,-0.609001,-0.351607,-0.710979,-0.609001,-0.351607,-0.710979,-0.609001,-0.351607,-0.710979,0.609001,-0.351607,-0.710979,0.609001,-0.351607,-0.710979,0.609001,0.703213,-0.710979,1.86966e-07,0.703213,-0.710979,1.86966e-07,0.703213,-0.710979,1.86966e-07,0.0838617,-0.985834,0.145253,0.0838617,-0.985834,0.145253,0.0838617,-0.985834,0.145253,-0.0838617,-0.985834,0.145253,-0.0838617,-0.985834,0.145253,-0.0838617,-0.985834,0.145253,-0.167723,-0.985834,0,-0.167723,-0.985834,0,-0.167723,-0.985834,0,-0.0838617,-0.985834,-0.145253,-0.0838617,-0.985834,-0.145253,-0.0838617,-0.985834,-0.145253,0.0838617,-0.985834,-0.145253,0.0838617,-0.985834,-0.145253,0.0838617,-0.985834,-0.145253,0.167723,-0.985834,0,0.167723,-0.985834,0,0.167723,-0.985834,0,0.342252,0.729528,-0.592159,0.342252,0.729528,-0.592159,0.342252,0.729528,-0.592159,0.684037,0.729447,0,0.684037,0.729447,0,0.684037,0.729447,0,0.341638,0.729549,0.592488,0.341638,0.729549,0.592488,0.341638,0.729549,0.592488,-0.341631,0.729551,0.59249,-0.341631,0.729551,0.59249,-0.341631,0.729551,0.59249,9.43462e-05,1,0,9.43462e-05,1,0,9.43462e-05,1,0,0,1,0,0,1,0,0,1,0,0,1,0,-0.684038,0.729447,0,-0.684038,0.729447,0,-0.684038,0.729447,0,-0.342315,0.729358,-0.592333,-0.342315,0.729358,-0.592333,-0.342315,0.729358,-0.592333,0.9852,0.171408,3.21812e-07,0.9852,0.171408,3.21812e-07,0.9852,0.171408,3.21812e-07,-0.9852,0.171409,0,-0.9852,0.171409,0,-0.9852,0.171409,0,0.4926,0.17141,-0.853208,0.4926,0.17141,-0.853208,0.4926,0.17141,-0.853208,0.492601,0.171407,0.853208,0.492601,0.171407,0.853208,0.492601,0.171407,0.853208,-0.4926,0.171407,-0.853209,-0.4926,0.171407,-0.853209,-0.4926,0.171407,-0.853209,-0.492601,0.17141,0.853208,-0.492601,0.17141,0.853208,-0.492601,0.17141,0.853208,-0.703213,-0.710979,0,-0.703213,-0.710979,0,-0.703213,-0.710979,0,0.351607,-0.710979,0.609001,0.351607,-0.710979,0.609001,0.351607,-0.710979,0.609001,0.351606,-0.710979,-0.609001,0.351606,-0.710979,-0.609001,0.351606,-0.710979,-0.609001,-0.351607,-0.710979,-0.609001,-0.351607,-0.710979,-0.609001,-0.351607,-0.710979,-0.609001,-0.351607,-0.710979,0.609001,-0.351607,-0.710979,0.609001,-0.351607,-0.710979,0.609001,0.703214,-0.710979,0,0.703214,-0.710979,0,0.703214,-0.710979,0]},"texCoord0":{"type":"float32","components":2,