{"model":{"version":3,"nodes":[{"name":"RootNode","position":[0,0,0],"rotation":[0,0,0],"scale":[0.01,0.01,0.01],"scaleCompensation":false},{"name":"stones","position":[0,0,0],"rotation":[0,0,0],"scale":[1,1,1],"scaleCompensation":false}],"parents":[-1,0],"skins":[],"morphs":[],"vertices":[{"position":{"type":"float32","components":3,"data":[-2.54627,1.58073,-54.4945,-5.93456,-0.667653,-45.925,-5.01407,1.37039,-45.9265,-2.91879,-0.424503,-55.1011,5.32014,1.96898,-56.8095,13.2441,0.372719,-57.1895,5.16264,-0.025892,-57.4211,13.1865,2.35723,-56.5728,17.7266,0.326139,-32.8542,22.8708,0.720332,-46.5924,17.2234,2.29558,-32.8227,22.3675,2.68977,-46.561,1.80019,1.47569,-33.2459,9.51817,-0.107745,-33.0543,9.51177,1.88563,-33.0343,1.30976,-0.541629,-33.2543,9.51177,1.88563,-33.0343,8.67673,3.64805,-46.2437,1.80019,1.47569,-33.2459,-5.01407,1.37039,-45.9265,8.67673,3.64805,-46.2437,-2.54627,1.58073,-54.4945,-5.01407,1.37039,-45.9265,5.32014,1.96898,-56.8095,22.8708,0.720332,-46.5924,13.1865,2.35723,-56.5728,22.3675,2.68977,-46.561,13.2441,0.372719,-57.1895,1.80019,1.47569,-33.2459,-5.01407,1.37039,-45.9265,1.30976,-0.541629,-33.2543,-5.93456,-0.667653,-45.925,-45.8169,0.670564,-4.62644,-42.3693,-0.125084,-6.17929,-46.1197,-0.125084,-4.98538,-42.4192,0.670564,-5.8697,-42.4192,0.670564,-5.8697,-37.065,0.670564,-0.584713,-42.3693,-0.125084,-6.17929,-36.8832,-0.125084,-0.738055,-38.8011,0.670564,5.32159,-43.0938,-0.125084,6.41283,-38.6675,-0.125084,5.4799,-43.2274,0.670564,6.25452,-47.6267,0.670564,0.694993,-43.0938,-0.125084,6.41283,-43.2274,0.670564,6.25452,-47.7977,-0.125084,0.492296,-47.6267,0.670564,0.694993,-38.8011,0.670564,5.32159,-45.8169,0.670564,-4.62644,-43.2274,0.670564,6.25452,-45.8169,0.670564,-4.62644,-37.065,0.670564,-0.584713,-42.4192,0.670564,-5.8697,-38.8011,0.670564,5.32159,-38.6675,-0.125084,5.4799,-36.8832,-0.125084,-0.738055,-38.8011,0.670564,5.32159,-37.065,0.670564,-0.584713,-47.6267,0.670564,0.694993,-45.8169,0.670564,-4.62644,-47.7977,-0.125084,0.492296,-46.1197,-0.125084,-4.98538,-6.45407,0.54548,-2.19449,-7.36261,0,0.250602,-7.0426,1.07229,0.215101,-6.61134,0,-2.34108,-6.45407,0.54548,-2.19449,-2.86051,0,-3.11717,-6.61134,0,-2.34108,-2.84253,0.54548,-2.95513,-1.15783,0,2.87702,-7.45058e-07,0,0,-1.34741,0.54548,2.74964,-0.141136,1.07229,0.0156552,-4.88316,0,3.29669,-1.34741,0.54548,2.74964,-4.70246,0.54548,3.27665,-1.15783,0,2.87702,-0.141136,1.07229,0.0156552,-7.0426,1.07229,0.215101,-4.70246,0.54548,3.27665,-1.34741,0.54548,2.74964,-7.0426,1.07229,0.215101,-0.141136,1.07229,0.0156552,-2.84253,0.54548,-2.95513,-6.45407,0.54548,-2.19449,-7.45058e-07,0,0,-2.84253,0.54548,-2.95513,-0.141136,1.07229,0.0156552,-2.86051,0,-3.11717,-4.70246,0.54548,3.27665,-7.36261,0,0.250602,-4.88316,0,3.29669,-7.0426,1.07229,0.215101,2.56176,1.77199,36.612,7.05339,0.297204,34.4445,2.17962,0.180537,36.3905,7.06152,1.25935,34.786,7.06152,1.25935,34.786,12.6789,1.63192,36.5876,7.05339,0.297204,34.4445,12.8516,0.679722,36.3457,14.0712,2.40505,42.955,8.83949,0.657373,47.5202,14.2875,0.846512,43.0634,8.62319,1.60234,47.4118,2.68976,1.20894,43.4701,8.83949,0.657373,47.5202,8.62319,1.60234,47.4118,2.4884,0.241005,43.3483,2.68976,1.20894,43.4701,14.0712,2.40505,42.955,2.56176,1.77199,36.612,8.62319,1.60234,47.4118,14.0712,2.40505,42.955,7.06152,1.25935,34.786,2.56176,1.77199,36.612,12.6789,1.63192,36.5876,14.2875,0.846512,43.0634,12.6789,1.63192,36.5876,14.0712,2.40505,42.955,12.8516,0.679722,36.3457,2.68976,1.20894,43.4701,2.56176,1.77199,36.612,2.4884,0.241005,43.3483,2.17962,0.180537,36.3905,22.3675,2.68977,-46.561,13.1865,2.35723,-56.5728,8.67673,3.64805,-46.2437,5.32014,1.96898,-56.8095,17.2234,2.29558,-32.8227,8.67673,3.64805,-46.2437,9.51177,1.88563,-33.0343,22.3675,2.68977,-46.561,9.51817,-0.107745,-33.0543,17.2234,2.29558,-32.8227,9.51177,1.88563,-33.0343,17.7266,0.326139,-32.8542,-2.54627,1.58073,-54.4945,5.16264,-0.025892,-57.4211,-2.91879,-0.424503,-55.1011,5.32014,1.96898,-56.8095]},"normal":{"type":"float32","components":3,"data":[-0.904319,0.329765,-0.271041,-0.904319,0.329765,-0.271041,-0.904319,0.329765,-0.271041,-0.904319,0.329765,-0.271041,0.0135236,0.294605,-0.955523,0.0135236,0.294605,-0.955523,0.0135236,0.294605,-0.955523,0.0135236,0.294605,-0.955523,0.909908,0.22695,0.34722,0.909908,0.22695,0.34722,0.909908,0.22695,0.34722,0.909908,0.22695,0.34722,-0.0256375,-0.00399065,0.999663,-0.0256375,-0.00399065,0.999663,-0.0256375,-0.00399065,0.999663,-0.0256375,-0.00399065,0.999663,-0.123492,0.987326,0.0996806,-0.123492,0.987326,0.0996806,-0.123492,0.987326,0.0996806,-0.123492,0.987326,0.0996806,-0.130827,0.988943,-0.0698353,-0.130827,0.988943,-0.0698353,-0.130827,0.988943,-0.0698353,-0.130827,0.988943,-0.0698353,0.718619,0.21056,-0.662761,0.718619,0.21056,-0.662761,0.718619,0.21056,-0.662761,0.718619,0.21056,-0.662761,-0.837881,0.290721,0.461993,-0.837881,0.290721,0.461993,-0.837881,0.290721,0.461993,-0.837881,0.290721,0.461993,-0.294404,0.409551,-0.863478,-0.294404,0.409551,-0.863478,-0.294404,0.409551,-0.863478,-0.294404,0.409551,-0.863478,0.671968,0.295404,-0.679113,0.671968,0.295404,-0.679113,0.671968,0.295404,-0.679113,0.671968,0.295404,-0.679113,0.201021,0.223511,0.953747,0.201021,0.223511,0.953747,0.201021,0.223511,0.953747,0.201021,0.223511,0.953747,-0.783554,0.00111187,0.621323,-0.783554,0.00111187,0.621323,-0.783554,0.00111187,0.621323,-0.783554,0.00111187,0.621323,6.92532e-09,1,0,6.92532e-09,1,0,6.92532e-09,1,0,6.92532e-09,1,0,-1.39718e-08,1,0,-1.39718e-08,1,0,-1.39718e-08,1,0,-1.39718e-08,1,0,0.943257,0.187765,0.27388,0.943257,0.187765,0.27388,0.943257,0.187765,0.27388,0.943257,0.187765,0.27388,-0.886012,0.364827,-0.286154,-0.886012,0.364827,-0.286154,-0.886012,0.364827,-0.286154,-0.886012,0.364827,-0.286154,-0.916562,0.289355,-0.27602,-0.916562,0.289355,-0.27602,-0.916562,0.289355,-0.27602,-0.916562,0.289355,-0.27602,-0.195177,0.295876,-0.935074,-0.195177,0.295876,-0.935074,-0.195177,0.295876,-0.935074,-0.195177,0.295876,-0.935074,0.893765,0.210076,0.396297,0.893765,0.210076,0.396297,0.893765,0.210076,0.396297,0.893765,0.210076,0.396297,0.131333,0.13381,0.982266,0.131333,0.13381,0.982266,0.131333,0.13381,0.982266,0.131333,0.13381,0.982266,0.0125002,0.984224,0.176485,0.0125002,0.984224,0.176485,0.0125002,0.984224,0.176485,0.0125002,0.984224,0.176485,-0.0169615,0.982454,-0.18573,-0.0169615,0.982454,-0.18573,-0.0169615,0.982454,-0.18573,-0.0169615,0.982454,-0.18573,0.726471,0.129437,-0.674897,0.726471,0.129437,-0.674897,0.726471,0.129437,-0.674897,0.726471,0.129437,-0.674897,-0.748802,0.252796,0.612691,-0.748802,0.252796,0.612691,-0.748802,0.252796,0.612691,-0.748802,0.252796,0.612691,-0.352022,0.252495,-0.901292,-0.352022,0.252495,-0.901292,-0.352022,0.252495,-0.901292,-0.352022,0.252495,-0.901292,0.276031,0.301802,-0.912536,0.276031,0.301802,-0.912536,0.276031,0.301802,-0.912536,0.276031,0.301802,-0.912536,0.614184,0.17279,0.770014,0.614184,0.17279,0.770014,0.614184,0.17279,0.770014,0.614184,0.17279,0.770014,-0.550618,-0.0101743,0.834695,-0.550618,-0.0101743,0.834695,-0.550618,-0.0101743,0.834695,-0.550618,-0.0101743,0.834695,-0.101007,0.992257,0.0722776,-0.101007,0.992257,0.0722776,-0.101007,0.992257,0.0722776,-0.101007,0.992257,0.0722776,0.0133246,0.988584,-0.150082,0.0133246,0.988584,-0.150082,0.0133246,0.988584,-0.150082,0.0133246,0.988584,-0.150082,0.962271,0.160743,-0.219536,0.962271,0.160743,-0.219536,0.962271,0.160743,-0.219536,0.962271,0.160743,-0.219536,-0.975364,0.217174,0.0387355,-0.975364,0.217174,0.0387355,-0.975364,0.217174,0.0387355,-0.975364,0.217174,0.0387355,0.0258434,0.993276,-0.112846,0.0258434,0.993276,-0.112846,0.0258434,0.993276,-0.112846,0.0258434,0.993276,-0.112846,0.0259355,0.996139,0.0838679,0.0259355,0.996139,0.0838679,0.0259355,0.996139,0.0838679,0.0259355,0.996139,0.0838679,-0.0249883,-0.0161918,0.999557,-0.0249883,-0.0161918,0.999557,-0.0249883,-0.0161918,0.999557,-0.0249883,-0.0161918,0.999557,-0.279251,0.313447,-0.907618,-0.279251,0.313447,-0.907618,-0.279251,0.313447,-0.907618,-0.279251,0.313447,