{"model":{"version":3,"nodes":[{"name":"RootNode","position":[0,0,0],"rotation":[0,0,0],"scale":[0.01,0.01,0.01],"scaleCompensation":false},{"name":"Plant2","position":[0,0,0],"rotation":[0,37.0016,0],"scale":[0.00658788,0.0204016,0.0265204],"scaleCompensation":false}],"parents":[-1,0],"skins":[],"morphs":[],"vertices":[{"position":{"type":"float32","components":3,"data":[-149.953,-275.446,32.782,160.839,-27.2339,29.1045,180.428,-40.1819,-118.78,-186.986,-264.404,-69.1133,180.428,-40.1819,-118.78,-110.403,-268.906,-68.5491,-186.986,-264.404,-69.1133,291.26,-50.9118,-116.142,-110.403,-268.906,-68.5491,291.26,-50.9118,-116.142,232.953,-50.4988,27.3742,-70.6954,-276.518,31.6103,160.839,-27.2339,29.1045,-149.953,-275.446,32.782,-70.6954,-276.518,31.6103,232.953,-50.4988,27.3742,-149.953,-275.446,32.782,-110.403,-268.906,-68.5491,-70.6954,-276.518,31.6103,-186.986,-264.404,-69.1133,792.812,106.618,22.5504,232.953,-50.4988,27.3742,814.094,76.8374,19.1816,160.839,-27.2339,29.1045,1166.7,103.296,-63.7441,1539.67,80.235,-6.13322,1192.01,108.701,8.70918,1567.8,71.7343,18.9665,180.428,-40.1819,-118.78,767.13,98.0088,-97.266,291.26,-50.9118,-116.142,797.591,55.7158,-95.2786,291.26,-50.9118,-116.142,814.094,76.8374,19.1816,232.953,-50.4988,27.3742,797.591,55.7158,-95.2786,160.839,-27.2339,29.1045,767.13,98.0088,-97.266,180.428,-40.1819,-118.78,792.812,106.618,22.5504,1567.8,71.7343,18.9665,1551.08,94.3402,-0.527301,1572.51,95.1366,26.4871,1539.67,80.235,-6.13322,1551.08,94.3402,-0.527301,1184.23,137.785,14.9549,1572.51,95.1366,26.4871,1158.39,132.997,-61.3378,1192.01,108.701,8.70918,1572.51,95.1366,26.4871,1184.23,137.785,14.9549,1567.8,71.7343,18.9665,1158.39,132.997,-61.3378,1539.67,80.235,-6.13322,1166.7,103.296,-63.7441,1551.08,94.3402,-0.527301,767.13,98.0088,-97.266,1158.39,132.997,-61.3378,797.591,55.7158,-95.2786,1166.7,103.296,-63.7441,814.094,76.8374,19.1816,1184.23,137.785,14.9549,792.812,106.618,22.5504,1192.01,108.701,8.70918,792.812,106.618,22.5504,1158.39,132.997,-61.3378,767.13,98.0088,-97.266,1184.23,137.785,14.9549,797.591,55.7158,-95.2786,1166.7,103.296,-63.7441,814.094,76.8374,19.1816,1192.01,108.701,8.70918,-164.873,-40.9365,61.8502,-102.684,-277.03,3.62686,-147.462,-260.928,-79.5838,-402.817,-27.9884,-73.7953,-172.822,-281.532,11.2861,-164.873,-40.9365,61.8502,-269.526,-51.6664,71.2907,-102.684,-277.03,3.62686,-217.015,-262,-70.0714,-269.526,-51.6664,71.2907,-464.953,-51.2534,-64.5405,-172.822,-281.532,11.2861,-402.817,-27.9884,-73.7953,-147.462,-260.928,-79.5838,-217.015,-262,-70.0714,-464.953,-51.2534,-64.5405,-172.822,-281.532,11.2861,-147.462,-260.928,-79.5838,-102.684,-277.03,3.62686,-217.015,-262,-70.0714,-766.708,122.003,-26.8074,-464.953,-51.2534,-64.5405,-780.105,92.2228,-21.4949,-402.817,-27.9884,-73.7953,-955.204,118.681,91.0082,-1391.62,95.6204,78.7622,-1103.31,124.086,28.2745,-1460.41,87.1197,59.0945,-164.873,-40.9365,61.8502,-536.398,113.394,78.661,-269.526,-51.6664,71.2907,-567.343,71.1012,80.1154,-269.526,-51.6664,71.2907,-567.343,71.1012,80.1154,-464.953,-51.2534,-64.5405,-780.105,92.2228,-21.4949,-402.817,-27.9884,-73.7953,-536.398,113.394,78.661,-164.873,-40.9365,61.8502,-766.708,122.003,-26.8074,-1460.41,87.1197,59.0945,-1411.62,109.726,74.9164,-1477.67,110.522,52.8055,-1391.62,95.6204,78.7622,-1411.62,109.726,74.9164,-951.858,148.383,87.9485,-1107.08,153.17,21.8039,-1477.67,110.522,52.8055,-1460.41,87.1197,59.0945,-1107.08,153.17,21.8039,-1103.31,124.086,28.2745,-1477.67,110.522,52.8055,-951.858,148.383,87.9485,-1391.62,95.6204,78.7622,-955.204,118.681,91.0082,-1411.62,109.726,74.9164,-536.398,113.394,78.661,-951.858,148.383,87.9485,-567.343,71.1012,80.1154,-955.204,118.681,91.0082,-1107.08,153.17,21.8039,-780.105,92.2228,-21.4949,-1103.31,124.086,28.2745,-766.708,122.003,-26.8074,-951.858,148.383,87.9485,-766.708,122.003,-26.8074,-1107.08,153.17,21.8039,-536.398,113.394,78.661,-567.343,71.1012,80.1154,-955.204,118.681,91.0082,-780.105,92.2228,-21.4949,-1103.31,124.086,28.2745]},"normal":{"type":"float32","components":3,