{"model":{"version":3,"nodes":[{"name":"RootNode","position":[0,0,0],"rotation":[0,0,0],"scale":[0.01,0.01,0.01],"scaleCompensation":false},{"name":"Fence1","position":[0,0,0],"rotation":[0,-0.383498,0],"scale":[1,1,1],"scaleCompensation":false}],"parents":[-1,0],"skins":[],"morphs":[],"vertices":[{"position":{"type":"float32","components":3,"data":[4.21396,14.388,6.89882,0.0286244,23.2007,-23.1307,4.21396,24.4825,6.89882,0.0286244,13.1062,-23.1307,-0.229323,24.4825,6.89882,-0.229323,14.388,6.89882,4.21396,24.4825,6.89882,4.21396,14.388,6.89882,0.726687,14.9651,-74.9487,0.0364464,24.4825,-94.8906,0.0364464,14.388,-94.8906,0.726687,25.0596,-74.9487,0.0364464,14.388,-94.8906,0.0364464,24.4825,-94.8906,2.39077,14.388,-94.8906,2.39077,24.4825,-94.8906,0.726687,25.0596,-74.9487,2.39077,24.4825,-94.8906,0.0364464,24.4825,-94.8906,3.08101,25.0596,-74.9487,2.39077,14.388,-94.8906,3.08101,14.9651,-74.9487,0.726687,14.9651,-74.9487,0.0364464,14.388,-94.8906,0.0286244,13.1062,-23.1307,4.21396,14.388,6.89882,-0.229323,14.388,6.89882,-3.23729,13.1062,-23.1307,-0.229323,24.4825,6.89882,0.0286244,23.2007,-23.1307,-3.23729,23.2007,-23.1307,4.21396,24.4825,6.89882,-0.229323,14.388,6.89882,-3.23729,23.2007,-23.1307,-3.23729,13.1062,-23.1307,-0.229323,24.4825,6.89882,0.0286244,23.2007,-23.1307,3.08101,14.9651,-74.9487,3.08101,25.0596,-74.9487,0.0286244,13.1062,-23.1307,3.08101,14.9651,-74.9487,2.39077,24.4825,-94.8906,3.08101,25.0596,-74.9487,2.39077,14.388,-94.8906,0.0286244,13.1062,-23.1307,0.726687,14.9651,-74.9487,3.08101,14.9651,-74.9487,-3.23729,13.1062,-23.1307,0.726687,25.0596,-74.9487,-3.23729,23.2007,-23.1307,0.0286244,23.2007,-23.1307,3.08101,25.0596,-74.9487,0.726687,14.9651,-74.9487,-3.23729,13.1062,-23.1307,-3.23729,23.2007,-23.1307,0.726687,25.0596,-74.9487,2.39077,30.8108,6.89882,0.392792,39.6235,-19.1609,2.39077,40.9053,6.89882,0.392792,29.529,-19.1609,-1.14092,40.9053,6.89882,-1.14092,30.8108,6.89882,2.39077,40.9053,6.89882,2.39077,30.8108,6.89882,-0.662427,31.3879,-68.4011,0.0364464,40.9053,-94.8906,0.0364464,30.8108,-94.8906,-0.662427,41.4824,-68.4011,0.0364464,30.8108,-94.8906,0.0364464,40.9053,-94.8906,2.39077,30.8108,-94.8906,2.39077,40.9053,-94.8906,0.0364464,40.9053,-94.8906,-0.662427,41.4824,-68.4011,1.6919,41.4824,-68.4011,2.39077,40.9053,-94.8906,1.6919,31.3879,-68.4011,0.0364464,30.8108,-94.8906,2.39077,30.8108,-94.8906,-0.662427,31.3879,-68.4011,0.392792,29.529,-19.1609,2.39077,30.8108,6.89882,-1.14092,30.8108,6.89882,-1.96153,29.529,-19.1609,-1.14092,40.9053,6.89882,0.392792,39.6235,-19.1609,-1.96153,39.6235,-19.1609,2.39077,40.9053,6.89882,-1.14092,30.8108,6.89882,-1.96153,39.6235,-19.1609,-1.96153,29.529,-19.1609,-1.14092,40.9053,6.89882,0.392792,39.6235,-19.1609,1.6919,31.3879,-68.4011,1.6919,41.4824,-68.4011,0.392792,29.529,-19.1609,1.6919,31.3879,-68.4011,2.39077,40.9053,-94.8906,1.6919,41.4824,-68.4011,2.39077,30.8108,-94.8906,0.392792,29.529,-19.1609,-0.662427,31.3879,-68.4011,1.6919,31.3879,-68.4011,-1.96153,29.529,-19.1609,-0.662427,41.4824,-68.4011,-1.96153,39.6235,-19.1609,0.392792,39.6235,-19.1609,1.6919,41.4824,-68.4011,-0.662427,31.3879,-68.4011,-1.96153,29.529,-19.1609,-1.96153,39.6235,-19.1609,-0.662427,41.4824,-68.4011,-6.54981,45.6997,-83.2926,-5.85199,18.7642,-87.5252,-5.85199,18.7642,-81.8111,-6.54981,45.6997,-89.2209,3.35276e-06,45.6997,-89.2209,0.697828,18.7642,-88.3609,-5.85199,18.7642,-87.5252,-6.54981,45.6997,-89.2209,3.35276e-06,45.6997,-83.2926,0.697828,18.7642,-81.8111,0.697828,18.7642,-88.3609,3.35276e-06,45.6997,-89.2209,3.35276e-06,45.6997,-83.2926,-5.85199,18.7642,-81.8111,0.697828,18.7642,-81.8111,-6.54981,45.6997,-83.2926,3.35276e-06,0,-83.5068,-6.54981,0,-83.5068,-6.54981,0,-90.0566,3.35276e-06,0,-90.0566,-6.54981,45.6997,-83.2926,3.35276e-06,45.6997,-83.2926,3.35276e-06,45.6997,-89.2209,-6.54981,45.6997,-89.2209,-5.85199,18.7642,-81.8111,3.35276e-06,0,-83.5068,0.697828,18.7642,-81.8111,-6.54981,0,-83.5068,3.35276e-06,0,-83.5068,0.697828,18.7642,-88.3609,0.697828,18.7642,-81.8111,3.35276e-06,0,-90.0566,3.35276e-06,0,-90.0566,-5.85199,18.7642,-87.5252,0.697828,18.7642,-88.3609,-6.54981,0,-90.0566,-6.54981,0,-83.5068,-5.85199,18.7642,-81.8111,-5.85199,18.7642,-87.5252,-6.54981,0,-90.0566,-6.54981,45.6997,0.835652,-5.85199,30.6396,-5.18193,-5.85199,30.6396,0.53223,-6.54981,45.6997,-5.71417,3.35276e-06,45.6997,-5.71417,0.697828,30.6396,-6.01759,-5.85199,30.6396,-5.18193,-6.54981,45.6997,-5.71417,0.697828,30.6396,0.53223,3.35276e-06,45.6997,-5.71417,3.35276e-06,45.6997,0.835652,0.697828,30.6396,-6.01759,3.35276e-06,45.6997,0.835652,-5.85199,30.6396,0.53223,0.697828,30.6396,0.53223,-6.54981,45.6997,0.835652,3.35276e-06,0,-1.11759e-06,-6.54981,0,-1.11759e-06,-6.54981,0,-6.54982,3.35276e-06,0,-6.54982,-6.54981,45.6997,0.835652,3.35276e-06,45.6997,0.835652,3.35276e-06,45.6997,-5.71417,-6.54981,45.6997,-5.71417,-5.85199,30.6396,0.53223,3.35276e-06,0,-1.11759e-06,0.697828,30.6396,0.53223,-6.54981,0,-1.11759e-06,3.35276e-06,0,-1.11759e-06,0.697828,30.6396,-6.01759,0.697828,30.6396,0.53223,3.35276e-06,0,-6.54982,3.35276e-06,0,-6.54982,-5.85199,30.6396,-5.18193,0.697828,30.6396,-6.01759,-6.54981,0,-6.54982,-6.54981,0,-1.11759e-06,-5.85199,30.6396,0.53223,-5.85199,30.6396,-5.18193,-6.54981,0,-6.54982]},"normal":{"type":"float32","components":3,