{"model":{"version":3,"nodes":[{"name":"RootNode","position":[0,0,0],"rotation":[0,0,0],"scale":[0.01,0.01,0.01],"scaleCompensation":false},{"name":"Plant3","position":[0,0,0],"rotation":[0,0,0],"scale":[1,1,1],"scaleCompensation":false}],"parents":[-1,0],"skins":[],"morphs":[],"vertices":[{"position":{"type":"float32","components":3,"data":[-1.1116,-4.78804,0.146635,0.383723,-0.473403,1.08331,1.98501,-0.698477,-1.6655,-0.00224889,-4.5961,-1.88162,1.98501,-0.698477,-1.6655,0.347714,-4.67436,-1.63168,-0.00224889,-4.5961,-1.88162,2.46858,-0.884993,-1.26961,-0.727327,-4.80667,0.372353,2.46858,-0.884993,-1.26961,0.741721,-0.877814,1.27622,0.347714,-4.67436,-1.63168,0.741721,-0.877814,1.27622,-1.1116,-4.78804,0.146635,-0.727327,-4.80667,0.372353,0.383723,-0.473403,1.08331,0.347714,-4.67436,-1.63168,-1.1116,-4.78804,0.146635,-0.00224889,-4.5961,-1.88162,-0.727327,-4.80667,0.372353,3.23718,1.52257,2.6525,0.383723,-0.473403,1.08331,0.741721,-0.877814,1.27622,3.09557,2.04024,2.64922,5.9545,1.86337,2.18131,7.03532,1.33333,4.36967,5.20671,1.88112,3.64754,6.86716,1.15564,4.92517,1.98501,-0.698477,-1.6655,4.60035,1.15541,0.452579,2.46858,-0.884993,-1.26961,4.48333,1.89058,0.320075,4.60035,1.15541,0.452579,0.741721,-0.877814,1.27622,2.46858,-0.884993,-1.26961,3.23718,1.52257,2.6525,0.383723,-0.473403,1.08331,4.48333,1.89058,0.320075,1.98501,-0.698477,-1.6655,3.09557,2.04024,2.64922,6.86716,1.15564,4.92517,7.024,1.5704,4.52438,6.80211,1.5535,5.10556,7.03532,1.33333,4.36967,5.09815,2.3813,3.77186,7.024,1.5704,4.52438,5.88953,2.37813,2.23122,6.80211,1.5535,5.10556,6.80211,1.5535,5.10556,5.20671,1.88112,3.64754,6.86716,1.15564,4.92517,5.09815,2.3813,3.77186,5.88953,2.37813,2.23122,7.03532,1.33333,4.36967,5.9545,1.86337,2.18131,7.024,1.5704,4.52438,5.9545,1.86337,2.18131,4.48333,1.89058,0.320075,5.88953,2.37813,2.23122,4.60035,1.15541,0.452579,3.23718,1.52257,2.6525,5.09815,2.3813,3.77186,3.09557,2.04024,2.64922,5.20671,1.88112,3.64754,3.09557,2.04024,2.64922,5.88953,2.37813,2.23122,4.48333,1.89058,0.320075,5.09815,2.3813,3.77186,5.9545,1.86337,2.18131,3.23718,1.52257,2.6525,4.60035,1.15541,0.452579,5.20671,1.88112,3.64754,-1.6483,-0.655017,0.179771,-0.524391,-4.81557,-0.252854,0.313766,-4.53567,-1.95461,-0.857373,-0.560057,-2.58086,-0.947774,-4.89383,-0.328306,-1.6483,-0.655017,0.179771,-2.23572,-0.826678,-0.00307653,-0.524391,-4.81557,-0.252854,-2.23572,-0.826678,-0.00307653,-0.130204,-4.5543,-1.99345,-0.947774,-4.89383,-0.328306,-1.26456,-0.945399,-2.61526,0.313766,-4.53567,-1.95461,-1.26456,-0.945399,-2.61526,-0.857373,-0.560057,-2.58086,-0.130204,-4.5543,-1.99345,-0.130204,-4.5543,-1.99345,-0.524391,-4.81557,-0.252854,-0.947774,-4.89383,-0.328306,0.313766,-4.53567,-1.95461,-1.26456,-0.945399,-2.61526,-2.73905,1.14686,-2.68845,-0.857373,-0.560057,-2.58086,-2.62542,1.66154,-2.78966,-4.86262,1.34018,-3.01698,-5.13331,1.41519,-1.39512,-6.43395,1.1923,-2.39619,-6.43707,1.02531,-2.84341,-1.6483,-0.655017,0.179771,-3.27552,0.801713,-0.108004,-2.23572,-0.826678,-0.00307653,-3.15135,1.54756,-0.104057,-3.27552,0.801713,-0.108004,-1.26456,-0.945399,-2.61526,-2.23572,-0.826678,-0.00307653,-2.73905,1.14686,-2.68845,-3.15135,1.54756,-0.104057,-0.857373,-0.560057,-2.58086,-2.62542,1.66154,-2.78966,-1.6483,-0.655017,0.179771,-6.46542,1.37076,-2.52585,-6.43707,1.02531,-2.84341,-6.43395,1.1923,-2.39619,-6.43657,1.32866,-3.01263,-6.46542,1.37076,-2.52585,-4.80542,1.83145,-3.19808,-6.43657,1.32866,-3.01263,-5.09549,1.92574,-1.49313,-4.86262,1.34018,-3.01698,-6.43657,1.32866,-3.01263,-4.80542,1.83145,-3.19808,-6.43707,1.02531,-2.84341,-6.46542,1.37076,-2.52585,-5.13331,1.41519,-1.39512,-5.09549,1.92574,-1.49313,-6.43395,1.1923,-2.39619,-3.15135,1.54756,-0.104057,-5.13331,1.41519,-1.39512,-3.27552,0.801713,-0.108004,-5.09549,1.92574,-1.49313,-2.73905,1.14686,-2.68845,-4.80542,1.83145,-3.19808,-2.62542,1.66154,-2.78966,-4.86262,1.34018,-3.01698,-5.09549,1.92574,-1.49313,-2.62542,1.66154,-2.78966,-4.80542,1.83145,-3.19808,-3.15135,1.54756,-0.104057,-2.73905,1.14686,-2.68845,-5.13331,1.41519,-1.39512,-4.86262,1.34018,-3.01698,-3.27552,0.801713,-0.108004]},"normal":{"type":"float32","components":3,