{"model":{"version":3,"nodes":[{"name":"RootNode","position":[0,0,0],"rotation":[0,0,0],"scale":[0.01,0.01,0.01],"scaleCompensation":false},{"name":"Cloud_1","position":[0,0,0],"rotation":[-90,0,0],"scale":[77.4948,77.4948,77.4948],"scaleCompensation":false}],"parents":[-1,0],"skins":[],"morphs":[],"vertices":[{"position":{"type":"float32","components":3,"data":[-0.596239,-0.545972,-0.472202,-1.14168,-0.149691,-1.08571,-0.469199,-0.0202471,-0.550719,-1.14168,-0.149691,-1.08571,-2.1701,-0.0202471,-0.696333,-1.38448,0.781559,-0.702948,-1.38448,0.781559,-0.702948,-2.1701,-0.0202471,-0.696333,-1.64243,0.972551,-0.0785721,-0.596239,0.505478,-0.472202,-1.38448,0.781559,-0.702948,-0.732061,0.78877,-0.0249826,-1.32346,-0.912538,-0.548777,-1.17307,-1.01655,0.212502,-1.90396,-0.817236,0.336022,-1.17307,-1.01655,0.212502,-0.785472,-0.0124482,0.816159,-1.49801,-0.149691,1.03574,-0.785472,-0.0124482,0.816159,-1.25522,0.781559,0.652982,-1.49801,-0.149691,1.03574,-0.785472,-0.0124482,0.816159,-0.631657,0.47975,0.500754,-1.25522,0.781559,0.652982,-1.25522,0.781559,0.652982,-2.35547,0.10539,0.246655,-1.49801,-0.149691,1.03574,-2.35547,0.10539,0.246655,-1.90396,-0.817236,0.336022,-1.49801,-0.149691,1.03574,-1.90396,-0.817236,0.336022,-1.17307,-1.01655,0.212502,-1.49801,-0.149691,1.03574,-0.732061,0.78877,-0.0249826,-1.25522,0.781559,0.652982,-0.631657,0.47975,0.500754,-1.64243,0.972551,-0.0785721,-2.35547,0.10539,0.246655,-1.25522,0.781559,0.652982,-0.732061,-0.829264,-0.0249826,-0.785472,-0.0124482,0.816159,-1.17307,-1.01655,0.212502,-0.732061,0.78877,-0.0249826,-1.64243,0.972551,-0.0785721,-1.25522,0.781559,0.652982,-0.732061,0.78877,-0.0249826,-1.38448,0.781559,-0.702948,-1.64243,0.972551,-0.0785721,-1.64243,0.972551,-0.0785721,-2.1701,-0.0202471,-0.696333,-2.35547,0.10539,0.246655,-2.35547,0.10539,0.246655,-2.1701,-0.0202471,-0.696333,-1.90396,-0.817236,0.336022,-2.1701,-0.0202471,-0.696333,-1.32346,-0.912538,-0.548777,-1.90396,-0.817236,0.336022,-1.17307,-1.01655,0.212502,-1.32346,-0.912538,-0.548777,-0.732061,-0.829264,-0.0249826,-1.32346,-0.912538,-0.548777,-0.596239,-0.545972,-0.472202,-0.732061,-0.829264,-0.0249826,-1.14168,-0.149691,-1.08571,-1.38448,0.781559,-0.702948,-0.596239,0.505478,-0.472202,-1.14168,-0.149691,-1.08571,-1.32346,-0.912538,-0.548777,-2.1701,-0.0202471,-0.696333,-0.469199,-0.0202471,-0.550719,-1.14168,-0.149691,-1.08571,-0.596239,0.505478,-0.472202,-1.14168,-0.149691,-1.08571,-0.596239,-0.545972,-0.472202,-1.32346,-0.912538,-0.548777,1.18244,1.01302,-0.217677,0.641018,0.516717,-0.505929,0.741422,0.825736,0.0198074,1.32559,-0.87557,-0.503986,1.5239,-1.00137,0.334826,0.741422,-0.792297,0.0198074,1.5239,-1.00137,0.334826,2.17946,0.0167196,0.691158,1.15104,-0.112724,1.08054,0.6056,-0.509006,0.467027,1.5239,-1.00137,0.334826,1.15104,-0.112724,1.08054,0.6056,0.542445,0.467027,0.47856,0.0167196,0.545543,1.15104,-0.112724,1.08054,2.17946,0.0167196,0.691158,1.39384,0.818525,0.697773,1.15104,-0.112724,1.08054,1.39384,0.818525,0.697773,0.6056,0.542445,0.467027,1.15104,-0.112724,1.08054,0.47856,0.0167196,0.545543,0.6056,-0.509006,0.467027,1.15104,-0.112724,1.08054,2.36484,-0.108917,-0.25183,1.91332,0.813708,-0.341196,2.17946,0.0167196,0.691158,1.91332,0.813708,-0.341196,1.39384,0.818525,0.697773,2.17946,0.0167196,0.691158,1.18244,1.01302,-0.217677,0.741422,0.825736,0.0198074,1.39384,0.818525,0.697773,0.741422,0.825736,0.0198074,0.6056,0.542445,0.467027,1.39384,0.818525,0.697773,0.741422,-0.792297,0.0198074,1.5239,-1.00137,0.334826,0.6056,-0.509006,0.467027,1.5239,-1.00137,0.334826,2.36484,-0.108917,-0.25183,2.17946,0.0167196,0.691158,1.91332,0.813708,-0.341196,1.18244,1.01302,-0.217677,1.39384,0.818525,0.697773,0.641018,-0.483277,-0.505929,1.32559,-0.87557,-0.503986,0.741422,-0.792297,0.0198074,1.32559,-0.87557,-0.503986,2.36484,-0.108917,-0.25183,1.5239,-1.00137,0.334826,1.50737,0.146164,-1.04092,1.18244,1.01302,-0.217677,1.91332,0.813708,-0.341196,1.50737,0.146164,-1.04092,0.641018,0.516717,-0.505929,1.18244,1.01302,-0.217677,1.50737,0.146164,-1.04092,0.990306,-0.229507,-0.937843,0.641018,0.516717,-0.505929,0.990306,-0.229507,-0.937843,0.434782,0.0167196,-0.427408,0.641018,0.516717,-0.505929,0.990306,-0.229507,-0.937843,0.641018,-0.483277,-0.505929,0.434782,0.0167196,-0.427408,0.990306,-0.229507,-0.937843,1.32559,-0.87557,-0.503986,0.641018,-0.483277,-0.505929,2.36484,-0.108917,-0.25183,1.50737,0.146164,-1.04092,1.91332,0.813708,-0.341196,0.990306,-0.229507,-0.937843,1.50737,0.146164,-1.04092,1.32559,-0.87557,-0.503986,1.50737,0.146164,-1.04092,2.36484,-0.108917,-0.25183,1.32559,-0.87557,-0.503986,-0.113928,-0.351365,-1.24539,-0.90948,0.317734,-0.90618,-0.303321,0.934266,-0.866607,-0.113928,-0.351365,-1.24539,-0.303321,0.934266,-0.866607,0.540798,3.29888e-08,-1.19813,-0.303321,0.934266,-0.866607,-0.90948,0.317734,-0.90618,-0.758248,1.04396,0.0376278,1.09386,-0.36025,-0.638275,1.34728,-1.05701e-08,0.10678,0.758719,-1.04396,0.0376278,-0.303321,0.934266,-0.866607,-0.758248,1.04396,0.0376278,0.416496,1.28111,0.10678,0.680806,0.928769,-0.638278,0.416496,1.28111,0.10678,1.34728,-1.05701e-08,0.10678,0.909951,0.317734,0.981434,0.00490397,1.15142,0.713535,0.114398,0.351365,1.32065,0.114398,0.351365,1.32065,0.00490397,1.15142,0.713535,-0.540326,-1.28035e-08,1.27339,0.00490397,1.15142,0.713535,-1.09339,0.36025,0.713531,-0.540326,-1.28035e-08,1.27339,-1.09339,0.36025,0.713531,-0.680336,-0.92877,0.713532,-0.540326,-1.28035e-08,1.27339,-0.540326,-1.28035e-08,1.27339,0.303791,-0.934266,0.941862,0.114398,0.351365,1.32065,-0.540326,-1.28035e-08,1.27339,-0.680336,-0.92877,0.713532,0.303791,-0.934266,0.941862,0.303791,-0.934266,0.941862,0.909951,0.317734,0.981434,0.114398,0.351365,1.32065,0.303791,-0.934266,0.941862,1.09675,-0.351365,0.713532,0.909951,0.317734,0.981434,1.34728,-1.05701e-08,0.10678,0.909951,0.317734,0.981434,1.09675,-0.351365,0.713532,1.34728,-1.05701e-08,0.10678,0.416496,1.28111,0.10678,0.909951,0.317734,0.981434,0.416496,1.28111,0.10678,0.00490397,1.15142,0.713535,0.909951,0.317734,0.981434,0.416496,1.28111,0.10678,-0.758248,1.04396,0.0376278,0.00490397,1.15142,0.713535,-0.758248,1.04396,0.0376278,-1.09339,0.36025,0.713531,0.00490397,1.15142,0.713535,-1.34681,-2.68012e-09,-0.0315247,-0.680336,-0.92877,0.713532,-1.09339,0.36025,0.713531,-0.416026,-1.28111,-0.0315247,0.303791,-0.934266,0.941862,-0.680336,-0.92877,0.713532,0.758719,-1.04396,0.0376278,1.09675,-0.351365,0.713532,0.303791,-0.934266,0.941862,0.758719,-1.04396,0.0376278,1.34728,-1.05701e-08,0.10678,1.09675,-0.351365,0.713532,0.680806,0.928769,-0.638278,-0.303321,0.934266,-0.866607,0.416496,1.28111,0.10678,-0.758248,1.04396,0.0376278,-1.34681,-2.68012e-09,-0.0315247,-1.09339,0.36025,0.713531,-0.758248,1.04396,0.0376278,-0.90948,0.317734,-0.90618,-1.34681,-2.68012e-09,-0.0315247,-0.90948,0.317734,-0.90618,-1.09627,-0.351365,-0.638277,-1.34681,-2.68012e-09,-0.0315247,-1.34681,-2.68012e-09,-0.0315247,-0.416026,-1.28111,-0.0315247,-0.680336,-0.92877,0.713532,-1.34681,-2.68012e-09,-0.0315247,-1.09627,-0.351365,-0.638277,-0.416026,-1.28111,-0.0315247,-1.09627,-0.351365,-0.638277,-0.00443333,-1.15142,-0.638279,-0.416026,-1.28111,-0.0315247,-0.416026,-1.28111,-0.0315247,0.758719,-1.04396,0.0376278,0.303791,-0.934266,0.941862,-0.416026,-1.28111,-0.0315247,-0.00443333,-1.15142,-0.638279,0.758719,-1.04396,0.0376278,-0.00443333,-1.15142,-0.638279,1.09386,-0.36025,-0.638275,0.758719,-1.04396,0.0376278,1.09386,-0.36025,-0.638275,0.680806,0.928769,-0.638278,1.34728,-1.05701e-08,0.10678,0.540798,3.29888e-08,-1.19813,-0.303321,0.934266,-0.866607,0.680806,0.928769,-0.638278,-0.90948,0.317734,-0.90618,-0.113928,-0.351365,-1.24539,-1.09627,-0.351365,-0.638277,-0.113928,-0.351365,-1.24539,-0.00443333,-1.15142,-0.638279,-1.09627,-0.351365,-0.638277,1.09386,-0.36025,-0.638275,0.540798,3.29888e-08,-1.19813,0.680806,0.928769,-0.638278,-0.113928,-0.351365,-1.24539,0.540798,3.29888e-08,-1.19813,-0.00443333,-1.15142,-0.638279,0.540798,3.29888e-08,-1.19813,1.09386,-0.36025,-0.638275,-0.00443333,-1.15142,-0.638279]},