{"model":{"version":3,"nodes":[{"name":"RootNode","position":[0,0,0],"rotation":[0,0,0],"scale":[0.01,0.01,0.01],"scaleCompensation":false},{"name":"Stone2","position":[0,0,0],"rotation":[7.9526,-7.56646,-51.1797],"scale":[1,1,1],"scaleCompensation":false}],"parents":[-1,0],"skins":[],"morphs":[],"vertices":[{"position":{"type":"float32","components":3,"data":[-8.13277,47.2619,-31.3026,2.39667,20.0118,-39.7764,-30.6698,27.3229,-28.4679,8.83217,44.9016,-41.4525,2.39667,20.0118,-39.7764,-21.8605,1.44867,-29.5717,-30.6698,27.3229,-28.4679,34.4982,46.7972,-33.9244,2.39667,20.0118,-39.7764,8.83217,44.9016,-41.4525,-15.2732,46.6744,-13.6464,10.6785,53.1138,-22.2766,-8.13277,47.2619,-31.3026,1.81891,51.7695,-0.66762,-18.1337,-3.09805,-1.3575,0.323004,17.4157,22.5808,-15.9964,24.6683,12.3315,-31.853,8.86426,-6.33256,-15.9964,24.6683,12.3315,2.90486,36.6603,11.8987,-21.0072,28.7204,-7.27557,20.814,42.5082,11.6772,1.81891,51.7695,-0.66762,2.90486,36.6603,11.8987,18.014,56.8257,-1.52091,20.814,42.5082,11.6772,0.323004,17.4157,22.5808,-8.00937e-06,-5.96046e-06,4.47035e-06,36.7707,47.7924,-9.9182,1.81891,51.7695,-0.66762,18.014,56.8257,-1.52091,10.6785,53.1138,-22.2766,34.4982,46.7972,-33.9244,10.6785,53.1138,-22.2766,18.014,56.8257,-1.52091,34.4982,46.7972,-33.9244,8.83217,44.9016,-41.4525,10.6785,53.1138,-22.2766,8.83217,44.9016,-41.4525,-8.13277,47.2619,-31.3026,10.6785,53.1138,-22.2766,-31.853,8.86426,-6.33256,-21.0072,28.7204,-7.27557,-30.6698,27.3229,-28.4679,-31.853,8.86426,-6.33256,-15.9964,24.6683,12.3315,-21.0072,28.7204,-7.27557,-15.9964,24.6683,12.3315,0.323004,17.4157,22.5808,2.90486,36.6603,11.8987,20.814,42.5082,11.6772,36.7707,47.7924,-9.9182,18.014,56.8257,-1.52091,-30.6698,27.3229,-28.4679,-21.8605,1.44867,-29.5717,-31.853,8.86426,-6.33256,-21.8605,1.44867,-29.5717,-18.1337,-3.09805,-1.3575,-31.853,8.86426,-6.33256,15.7404,19.2293,-22.4826,34.4982,46.7972,-33.9244,36.7707,47.7924,-9.9182,2.39667,20.0118,-39.7764,0.323004,17.4157,22.5808,20.814,42.5082,11.6772,2.90486,36.6603,11.8987,36.7707,47.7924,-9.9182,34.4982,46.7972,-33.9244,18.014,56.8257,-1.52091,-15.2732,46.6744,-13.6464,-30.6698,27.3229,-28.4679,-21.0072,28.7204,-7.27557,-8.13277,47.2619,-31.3026,-21.0072,28.7204,-7.27557,2.90486,36.6603,11.8987,1.81891,51.7695,-0.66762,-15.2732,46.6744,-13.6464,-8.00937e-06,-5.96046e-06,4.47035e-06,-18.1337,-3.09805,-1.3575,-21.8605,1.44867,-29.5717,-8.00937e-06,-5.96046e-06,4.47035e-06,0.323004,17.4157,22.5808,-18.1337,-3.09805,-1.3575,36.7707,47.7924,-9.9182,-8.00937e-06,-5.96046e-06,4.47035e-06,15.7404,19.2293,-22.4826,2.39667,20.0118,-39.7764,15.7404,19.2293,-22.4826,-21.8605,1.44867,-29.5717,-8.00937e-06,-5.96046e-06,4.47035e-06]},"normal":{"type":"float32","components":3,"data":[-0.36636,0.144281,-0.919219,-0.36636,0.144281,-0.919219,-0.36636,0.144281,-0.919219,-0.36636,0.144281,-0.919219,-0.337463,-0.0748614,-0.938357,-0.337463,-0.0748614,-0.938357,-0.337463,-0.0748614,-0.938357,0.28814,-0.13831,-0.947547,0.28814,-0.13831,-0.947547,0.28814,-0.13831,-0.947547,-0.258519,0.964269,-0.0579004,-0.258519,0.964269,-0.0579004,-0.258519,0.964269,-0.0579004,-0.258519,0.964269,-0.0579004,-0.583861,-0.322396,0.745096,-0.583861,-0.322396,0.745096,-0.583861,-0.322396,0.745096,-0.583861,-0.322396,0.745096,-0.506737,0.809407,0.29678,-0.506737,0.809407,0.29678,-0.506737,0.809407,0.29678,-0.1792,0.634573,0.751801,-0.1792,0.634573,0.751801,-0.1792,0.634573,0.751801,-0.1792,0.634573,0.751801,0.77108,-0.48944,0.407289,0.77108,-0.48944,0.407289,0.77108,-0.48944,0.407289,0.77108,-0.48944,0.407289,-0.300483,0.951638,-0.0639929,-0.300483,0.951638,-0.0639929,-0.300483,0.951638,-0.0639929,0.146029,0.963601,-0.223937,0.146029,0.963601,-0.223937,0.146029,0.963601,-0.223937,0.0488099,0.916444,-0.397175,0.0488099,0.916444,-0.397175,0.0488099,0.916444,-0.397175,-0.101634,0.917993,-0.383353,-0.101634,0.917993,-0.383353,-0.101634,0.917993,-0.383353,-0.817667,0.462881,0.34229,-0.817667,0.462881,0.34229,-0.817667,0.462881,0.34229,-0.82862,0.467251,0.308327,-0.82862,0.467251,0.308327,-0.82862,0.467251,0.308327,-0.294494,0.493697,0.818252,-0.294494,0.493697,0.818252,-0.294494,0.493697,0.818252,0.549356,0.621888,0.558089,0.549356,0.621888,0.558089,0.549356,0.621888,0.558089,-0.90805,-0.296537,-0.295822,-0.90805,-0.296537,-0.295822,-0.90805,-0.296537,-0.295822,-0.64916,-0.759766,-0.0366878,-0.64916,-0.759766,-0.0366878,-0.64916,-0.759766,-0.0366878,0.737628,-0.616339,-0.275737,0.737628,-0.616339,-0.275737,0.737628,-0.616339,-0.275737,0.737628,-0.616339,-0.275737,-0.151106,0.495166,0.855557,-0.151106,0.495166,0.855557,-0.151106,0.495166,0.855557,0.404786,0.91124,-0.0760975,0.404786,0.91124,-0.0760975,0.404786,0.91124,-0.0760975,-0.796317,0.603614,0.0391144,-0.796317,0.603614,0.0391144,-0.796317,0.603614,0.0391144,-0.796317,0.603614,0.0391144,-0.635357,0.449117,0.628184,-0.635357,0.449117,0.628184,-0.635357,0.449117,0.628184,-0.635357,0.449117,0.628184,0.178711,-0.967389,-0.179501,0.178711,-0.967389,-0.179501,0.178711,-0.967389,-0.179501,0.089371,-0.789296,0.607474,0.089371,-0.789296,0.607474,0.089371,-0.789296,0.607474,0.795973,-0.603961,0.0407072,0.795973,-0.603961,0.0407072,0.795973,-0.603961,0.0407072,0.453037,-0.807043,-0.378733,0.453037,-0.807043,-0.378733,0.453037,-0.807043,-0.378733,0.453037,-0.807043,-0.378733]},"texCoord0":{"type":"float32","components":2,"data":[0.114962,0.80635,0.0696347,0.761022,0.114962,0.761022,0.114962,0.80635,0.0696347,0.761022,0.114962,0.761022,0.114962,0.80635,0.0696347,0.761022,0.114962,0.761022,0.114962,0.80635,0.114962,0.761022,0.0696347,0.761022,0.114962,0.761022,0.114962,0.80635,0.0696347,0.761022,0.114962,0.761022,0.114962,0.80635,0.0696347,0.761022,0.0696347,0.761022,0.114962,0.761022,0.114962,0.80635,0.0696347,0.761022,0.114962,0.80635,0.114962,0.80635,0.114962,0.761022,0.114962,0.761022,0.114962,0.80635,0.114962,0.761022,0.114962,0.80635,0.0696347,0.761022,0.114962,0.761022,0.114962,0.80635,0.0696347,0.761022,0.114962,0.761022,0.114962,0.80635,0.0696347,0.761022,0.114962,0.761022,0.114962,0.80635,0.0696347,0.761022,0.114962,0.761022,0.114962,0.80635,0.0696347,0.761022,0.114962,0.761022,0.114962,0.80635,0.0696347,0.761022,0.114962,0.761022,0.114962,0.80635,0.0696347,0.761022,0.114962,0.761022,0.114962,0.80635,0.0696347,0.761022,0.114962,0.761022,0.114962,0.80635,0.0696347,0.761022,0.114962,0.761022,0.114962,0.80635,0.0696347,0.761022,0.114962,0.761022,0.114962,0.80635,0.0696347,0.761022,0.114962,0.80635,0.0696347,0.761022,0.114962,0.761022,0.0696347,0.761022,0.114962,0.761022,0.114962,0.80635,0.0696347,0.761022,0.114962,0.761022,0.114962,0.80635,0.114962,0.80635,0.0696347,0.761022,0.114962,0.761022,0.0696347,0.761022,0.0696347,0.761022,0.114962,0.761022,0.114962,0.80635,0.0696347,0.761022,0.0696347,0.761022,0.114962,0.761022,0.114962,0.80635,0.0696347,0.761022,0.114962,0.761022,0.114962,0.80635,0.0696347,0.761022,0.114962,0.761022,0.114962,0.80635,0.114962,0.80635,0.0696347,0.761022,0.114962,0.761022,0.114962,0.761022]}}],"meshes":[{"aabb":{"min":[-31.853,-3.09805,-41.4525],"max":[36.7707,56.8257,22.5808]},"vertices":0,"indices":[0,1,2,1,0,3,4,5,6,7,8,9,10,11,12,11,10,13,14,15,16,14,16,17,18,19,20,21,22,23,22,21,24,25,26,27,25,27,28,29,30,31,32,33,34,35,36,37,38,39,40,41,42,43,44,45,46,47,48,49,50,51,52,53,54,55,56,57,58,59,60,61,60,59,62,63,64,65,66,67,68,69,70,71,70,69,72,73,74,75,73,75,76,77,78,79,80,81,82,83,84,85,86,87,88,87,89,88],"type":"triangles","base":0,"count":108}],"meshInstances":[{"node":1,"mesh":0}]}}