{"animation":{"version":4,"name":"mixamo.com","duration":0.0333333,"nodes":[{"name":"mixamorig:Hips","defaults":{"p":[-6.75701e-06,99.7919,4.84474e-05],"r":[-5.37122e-13,-1.57717e-06,5.06239e-05],"s":[1,1,1]},"keys":[{"t":0},{"t":0.0333333}]}]}}