{"model":{"version":3,"nodes":[{"name":"RootNode","position":[0,0,0],"rotation":[0,0,0],"scale":[0.01,0.01,0.01],"scaleCompensation":false},{"name":"Fence2","position":[0,0,0],"rotation":[0,-21.5367,0],"scale":[1,1,1],"scaleCompensation":false}],"parents":[-1,0],"skins":[],"morphs":[],"vertices":[{"position":{"type":"float32","components":3,"data":[4.21396,14.388,6.89882,1.18741,22.8145,-29.7467,4.21396,24.4825,6.89882,1.18741,12.7201,-29.7467,-0.229323,24.4825,6.89882,-0.229323,14.388,6.89882,4.21396,24.4825,6.89882,4.21396,14.388,6.89882,0.726687,14.9651,-74.9487,0.0364464,24.4825,-94.8906,0.0364464,14.388,-94.8906,0.726687,25.0596,-74.9487,0.0364464,14.388,-94.8906,0.0364464,24.4825,-94.8906,2.39077,14.388,-94.8906,2.39077,24.4825,-94.8906,0.726687,25.0596,-74.9487,2.39077,24.4825,-94.8906,0.0364464,24.4825,-94.8906,3.08101,25.0596,-74.9487,2.39077,14.388,-94.8906,3.08101,14.9651,-74.9487,0.726687,14.9651,-74.9487,0.0364464,14.388,-94.8906,1.18741,12.7201,-29.7467,4.21396,14.388,6.89882,-0.229323,14.388,6.89882,-2.07851,12.7201,-29.7467,-0.229323,24.4825,6.89882,1.18741,22.8145,-29.7467,-2.07851,22.8145,-29.7467,4.21396,24.4825,6.89882,-0.229323,14.388,6.89882,-2.07851,22.8145,-29.7467,-2.07851,12.7201,-29.7467,-0.229323,24.4825,6.89882,1.18741,22.8145,-29.7467,3.08101,14.9651,-74.9487,3.08101,25.0596,-74.9487,1.18741,12.7201,-29.7467,3.08101,14.9651,-74.9487,2.39077,24.4825,-94.8906,3.08101,25.0596,-74.9487,2.39077,14.388,-94.8906,1.18741,12.7201,-29.7467,0.726687,14.9651,-74.9487,3.08101,14.9651,-74.9487,-2.07851,12.7201,-29.7467,0.726687,25.0596,-74.9487,-2.07851,22.8145,-29.7467,1.18741,22.8145,-29.7467,3.08101,25.0596,-74.9487,0.726687,14.9651,-74.9487,-2.07851,12.7201,-29.7467,-2.07851,22.8145,-29.7467,0.726687,25.0596,-74.9487,2.39077,30.8108,6.89882,1.44812,39.6235,-21.0879,2.39077,40.9053,6.89882,1.44812,29.529,-21.0879,-1.14092,40.5192,6.89882,2.39077,30.8108,6.89882,2.39077,40.9053,6.89882,-1.14092,30.4247,6.89882,-0.662427,31.3879,-68.4011,0.0364464,40.9053,-94.8906,0.0364464,30.8108,-94.8906,-0.662427,41.4824,-68.4011,0.0364464,30.8108,-94.8906,0.0364464,40.9053,-94.8906,2.39077,30.8108,-94.8906,2.39077,40.9053,-94.8906,0.0364464,40.9053,-94.8906,-0.662427,41.4824,-68.4011,1.6919,41.4824,-68.4011,2.39077,40.9053,-94.8906,1.6919,31.3879,-68.4011,0.0364464,30.8108,-94.8906,2.39077,30.8108,-94.8906,-0.662427,31.3879,-68.4011,1.44812,29.529,-21.0879,2.39077,30.8108,6.89882,-1.14092,30.4247,6.89882,-0.906205,29.529,-21.0879,-1.14092,40.5192,6.89882,1.44812,39.6235,-21.0879,-0.906205,39.6235,-21.0879,2.39077,40.9053,6.89882,-1.14092,30.4247,6.89882,-0.906205,39.6235,-21.0879,-0.906205,29.529,-21.0879,-1.14092,40.5192,6.89882,1.44812,39.6235,-21.0879,1.6919,31.3879,-68.4011,1.6919,41.4824,-68.4011,1.44812,29.529,-21.0879,1.6919,31.3879,-68.4011,2.39077,40.9053,-94.8906,1.6919,41.4824,-68.4011,2.39077,30.8108,-94.8906,1.44812,29.529,-21.0879,-0.662427,31.3879,-68.4011,1.6919,31.3879,-68.4011,-0.906205,29.529,-21.0879,-0.662427,41.4824,-68.4011,-0.906205,39.6235,-21.0879,1.44812,39.6235,-21.0879,1.6919,41.4824,-68.4011,-0.662427,31.3879,-68.4011,-0.906205,29.529,-21.0879,-0.906205,39.6235,-21.0879,-0.662427,41.4824,-68.4011,-6.54981,45.6997,-83.2926,-5.85199,18.7642,-87.5252,-5.85199,18.7642,-81.8111,-6.54981,45.6997,-89.2209,3.35276e-06,45.6997,-89.2209,0.697828,18.7642,-88.3609,-5.85199,18.7642,-87.5252,-6.54981,45.6997,-89.2209,3.35276e-06,45.6997,-83.2926,0.697828,18.7642,-81.8111,0.697828,18.7642,-88.3609,3.35276e-06,45.6997,-89.2209,3.35276e-06,45.6997,-83.2926,-5.85199,18.7642,-81.8111,0.697828,18.7642,-81.8111,-6.54981,45.6997,-83.2926,3.35276e-06,0,-83.5068,-6.54981,0,-83.5068,-6.54981,0,-90.0566,3.35276e-06,0,-90.0566,-6.54981,45.6997,-83.2926,3.35276e-06,45.6997,-83.2926,3.35276e-06,45.6997,-89.2209,-6.54981,45.6997,-89.2209,-5.85199,18.7642,-81.8111,3.35276e-06,0,-83.5068,0.697828,18.7642,-81.8111,-6.54981,0,-83.5068,3.35276e-06,0,-83.5068,0.697828,18.7642,-88.3609,0.697828,18.7642,-81.8111,3.35276e-06,0,-90.0566,3.35276e-06,0,-90.0566,-5.85199,18.7642,-87.5252,0.697828,18.7642,-88.3609,-6.54981,0,-90.0566,-6.54981,0,-83.5068,-5.85199,18.7642,-81.8111,-5.85199,18.7642,-87.5252,-6.54981,0,-90.0566,-7.93659,45.9414,-0.544687,-5.85199,30.6396,-5.18194,-5.85199,30.6396,0.532222,-7.66819,45.6379,-7.08196,-1.1267,45.458,-6.80503,0.697828,30.6396,-6.0176,-5.85199,30.6396,-5.18194,-7.66819,45.6379,-7.08196,-1.3951,45.7615,-0.267755,0.697828,30.6396,0.532222,0.697828,30.6396,-6.0176,-1.1267,45.458,-6.80503,-5.85199,30.6396,0.532222,-1.3951,45.7615,-0.267755,-7.93659,45.9414,-0.544687,0.697828,30.6396,0.532222,3.35276e-06,0,-8.56817e-06,-6.54981,0,-8.56817e-06,-6.54981,0,-6.54983,3.35276e-06,0,-6.54983,-7.93659,45.9414,-0.544687,-1.3951,45.7615,-0.267755,-1.1267,45.458,-6.80503,-7.66819,45.6379,-7.08196,-5.85199,30.6396,0.532222,3.35276e-06,0,-8.56817e-06,0.697828,30.6396,0.532222,-6.54981,0,-8.56817e-06,3.35276e-06,0,-8.56817e-06,0.697828,30.6396,-6.0176,0.697828,30.6396,0.532222,3.35276e-06,0,-6.54983,3.35276e-06,0,-6.54983,-5.85199,30.6396,-5.18194,0.697828,30.6396,-6.0176,-6.54981,0,-6.54983,-6.54981,0,-8.56817e-06,-5.85199,30.6396,0.532222,-5.85199,30.6396,-5.18194,-6.54981,0,-6.54983]},"normal":{"type":"float32","components":3,