{"model":{"version":3,"nodes":[{"name":"RootNode","position":[0,0,0],"rotation":[0,0,0],"scale":[0.01,0.01,0.01],"scaleCompensation":false},{"name":"Stone1","position":[0,0,0],"rotation":[-16.1143,11.8443,-52.1046],"scale":[1,1,1],"scaleCompensation":false}],"parents":[-1,0],"skins":[],"morphs":[],"vertices":[{"position":{"type":"float32","components":3,"data":[-10.2714,-8.83955,-12.7468,-8.41162,1.83549,-7.38921,-4.80591,-10.857,-2.86068,4.87309e-06,-5.8477e-06,1.74213e-05,2.68685,-4.83888,9.44969,-14.1482,-22.5796,5.17126,-4.80591,-10.857,-2.86068,-2.68087,-8.24644,16.2286,3.42252,2.56188,13.0126,-4.76782,2.76535,12.8076,-2.68087,-8.24644,16.2286,-7.08613,-4.52367,17.4701,-10.2714,-8.83955,-12.7468,-23.4563,-2.79347,-3.05853,-8.41162,1.83549,-7.38921,-7.08613,-4.52367,17.4701,-23.1802,-8.53535,16.1433,-14.332,-16.2657,17.9245,-2.68087,-8.24644,16.2286,-23.1802,-8.53535,16.1433,-7.08613,-4.52367,17.4701,-20.8002,-2.61656,8.95515,-10.2714,-8.83955,-12.7468,-4.80591,-10.857,-2.86068,-19.8225,-18.7657,-6.62409,-14.1482,-22.5796,5.17126,-11.345,7.52708,-0.515921,4.87309e-06,-5.8477e-06,1.74213e-05,-8.41162,1.83549,-7.38921,-2.67101,8.18377,4.87052,-4.76782,2.76535,12.8076,3.42252,2.56188,13.0126,-2.67101,8.18377,4.87052,-19.8225,-18.7657,-6.62409,-20.3293,-19.1508,6.81445,-26.117,-14.8962,0.742578,-14.1482,-22.5796,5.17126,4.87309e-06,-5.8477e-06,1.74213e-05,3.42252,2.56188,13.0126,2.68685,-4.83888,9.44969,-2.67101,8.18377,4.87052,-8.41162,1.83549,-7.38921,-23.4563,-2.79347,-3.05853,-11.345,7.52708,-0.515921,-26.117,-14.8962,0.742578,-20.8002,-2.61656,8.95515,-23.4563,-2.79347,-3.05853,-26.117,-14.8962,0.742578,-23.1802,-8.53535,16.1433,-20.8002,-2.61656,8.95515,-12.4378,6.70185,6.6003,-2.67101,8.18377,4.87052,-11.345,7.52708,-0.515921,-4.76782,2.76535,12.8076,-2.68087,-8.24644,16.2286,2.68685,-4.83888,9.44969,3.42252,2.56188,13.0126,-23.4563,-2.79347,-3.05853,-19.8225,-18.7657,-6.62409,-26.117,-14.8962,0.742578,-10.2714,-8.83955,-12.7468,-26.117,-14.8962,0.742578,-20.3293,-19.1508,6.81445,-23.1802,-8.53535,16.1433,-20.3293,-19.1508,6.81445,-14.332,-16.2657,17.9245,-23.1802,-8.53535,16.1433,-12.4378,6.70185,6.6003,-7.08613,-4.52367,17.4701,-4.76782,2.76535,12.8076,-20.8002,-2.61656,8.95515,-14.1482,-22.5796,5.17126,-14.332,-16.2657,17.9245,-20.3293,-19.1508,6.81445,2.68685,-4.83888,9.44969,-4.80591,-10.857,-2.86068,4.87309e-06,-5.8477e-06,1.74213e-05,-14.1482,-22.5796,5.17126,-2.68087,-8.24644,16.2286,-14.332,-16.2657,17.9245,-12.4378,6.70185,6.6003,-23.4563,-2.79347,-3.05853,-20.8002,-2.61656,8.95515,-11.345,7.52708,-0.515921]},"normal":{"type":"float32","components":3,"data":[0.779383,-0.00213499,-0.626544,0.779383,-0.00213499,-0.626544,0.779383,-0.00213499,-0.626544,0.779383,-0.00213499,-0.626544,0.723645,-0.690034,0.0138106,0.723645,-0.690034,0.0138106,0.723645,-0.690034,0.0138106,0.723645,-0.690034,0.0138106,0.177031,0.322438,0.929889,0.177031,0.322438,0.929889,0.177031,0.322438,0.929889,0.177031,0.322438,0.929889,-0.374322,0.467215,-0.800995,-0.374322,0.467215,-0.800995,-0.374322,0.467215,-0.800995,-0.00474263,0.0415911,0.999123,-0.00474263,0.0415911,0.999123,-0.00474263,0.0415911,0.999123,-0.00474263,0.0415911,0.999123,-0.242896,0.786786,0.567424,-0.242896,0.786786,0.567424,-0.242896,0.786786,0.567424,0.501527,-0.735519,-0.455503,0.501527,-0.735519,-0.455503,0.501527,-0.735519,-0.455503,0.501527,-0.735519,-0.455503,0.472266,0.672773,-0.56951,0.472266,0.672773,-0.56951,0.472266,0.672773,-0.56951,0.472266,0.672773,-0.56951,0.00635608,0.825098,0.564953,0.00635608,0.825098,0.564953,0.00635608,0.825098,0.564953,-0.528054,-0.848059,-0.0442161,-0.528054,-0.848059,-0.0442161,-0.528054,-0.848059,-0.0442161,-0.528054,-0.848059,-0.0442161,0.915738,0.273157,-0.294633,0.915738,0.273157,-0.294633,0.915738,0.273157,-0.294633,0.915738,0.273157,-0.294633,-0.387278,0.622112,-0.680436,-0.387278,0.622112,-0.680436,-0.387278,0.622112,-0.680436,-0.940747,0.270883,0.204002,-0.940747,0.270883,0.204002,-0.940747,0.270883,0.204002,-0.921214,0.388764,0.015098,-0.921214,0.388764,0.015098,-0.921214,0.388764,0.015098,-0.0753555,0.926621,0.368368,-0.0753555,0.926621,0.368368,-0.0753555,0.926621,0.368368,-0.0753555,0.926621,0.368368,0.814727,-0.31527,0.486647,0.814727,-0.31527,0.486647,0.814727,-0.31527,0.486647,-0.652638,0.0205946,-0.75739,-0.652638,0.0205946,-0.75739,-0.652638,0.0205946,-0.75739,-0.652638,0.0205946,-0.75739,-0.768576,-0.526191,0.363887,-0.768576,-0.526191,0.363887,-0.768576,-0.526191,0.363887,-0.626173,-0.60277,0.494545,-0.626173,-0.60277,0.494545,-0.626173,-0.60277,0.494545,-0.365368,0.551764,0.749708,-0.365368,0.551764,0.749708,-0.365368,0.551764,0.749708,-0.365368,0.551764,0.749708,-0.356492,-0.839336,0.4104,-0.356492,-0.839336,0.4104,-0.356492,-0.839336,0.4104,0.874467,-0.283343,-0.393731,0.874467,-0.283343,-0.393731,0.874467,-0.283343,-0.393731,0.562224,-0.73788,0.373412,0.562224,-0.73788,0.373412,0.562224,-0.73788,0.373412,-0.690365,0.718937,0.0807812,-0.690365,0.718937,0.0807812,-0.690365,0.718937,0.0807812,-0.690365,0.718937,0.0807812]},"texCoord0":{"type":"float32","components":2,"data":[0.117162,0.765023,0.117162,0.805449,0.0767358,0.765023,0.117162,0.805449,0.117162,0.805449,0.117162,0.765023,0.117162,0.805449,0.0767358,0.765023,0.117162,0.765023,0.117162,0.805449,0.0767358,0.765023,0.117162,0.805449,0.0767358,0.765023,0.117162,0.765023,0.117162,0.805449,0.117162,0.805449,0.0767358,0.765023,0.0767358,0.765023,0.117162,0.765023,0.0767358,0.765023,0.117162,0.765023,0.117162,0.805449,0.117162,0.805449,0.0767358,0.765023,0.117162,0.765023,0.117162,0.765023,0.117162,0.765023,0.0767358,0.765023,0.0767358,0.765023,0.117162,0.805449,0.0767358,0.765023,0.117162,0.765023,0.117162,0.805449,0.117162,0.805449,0.117162,0.765023,0.117162,0.805449,0.0767358,0.765023,0.0767358,0.765023,0.117162,0.805449,0.0767358,0.765023,0.117162,0.765023,0.0767358,0.765023,0.117162,0.765023,0.117162,0.805449,0.0767358,0.765023,0.117162,0.765023,0.117162,0.805449,0.0767358,0.765023,0.117162,0.765023,0.117162,0.805449,0.117162,0.765023,0.0767358,0.765023,0.117162,0.765023,0.117162,0.805449,0.0767358,0.765023,0.117162,0.765023,0.117162,0.805449,0.117162,0.805449,0.117162,0.765023,0.117162,0.805449,0.0767358,0.765023,0.0767358,0.765023,0.117162,0.765023,0.117162,0.805449,0.0767358,0.765023,0.117162,0.765023,0.117162,0.805449,0.0767358,0.765023,0.117162,0.765023,0.117162,0.805449,0.0767358,0.765023,0.0767358,0.765023,0.117162,0.765023,0.117162,0.805449,0.0767358,0.765023,0.117162,0.765023,0.117162,0.805449,0.0767358,0.765023,0.117162,0.765023,0.117162,0.805449,0.117162,0.805449,0.0767358,0.765023,0.117162,0.765023,0.0767358,0.765023]}}],"meshes":[{"aabb":{"min":[-26.117,-22.5796,-12.7468],"max":[3.42252,8.18377,17.9245]},"vertices":0,"indices":[0,1,2,2,1,3,4,5,6,5,4,7,8,9,10,10,9,11,12,13,14,15,16,17,17,18,15,19,20,21,22,23,24,23,25,24,26,27,28,27,26,29,30,31,32,33,34,35,34,33,36,37,38,39,38,37,40,41,42,43,44,45,46,47,48,49,50,51,52,51,50,53,54,55,56,57,58,59,58,57,60,61,62,63,64,65,66,67,68,69,68,67,70,71,72,73,74,75,76,77,78,79,80,81,82,81,80,83],"type":"triangles","base":0,"count":108}],"meshInstances":[{"node":1,"mesh":0}]}}