{"model":{"version":3,"nodes":[{"name":"RootNode","position":[0,0,0],"rotation":[0,0,0],"scale":[0.01,0.01,0.01],"scaleCompensation":false},{"name":"Stone4","position":[0,0,0],"rotation":[0,0,0],"scale":[1,1,1],"scaleCompensation":false}],"parents":[-1,0],"skins":[],"morphs":[],"vertices":[{"position":{"type":"float32","components":3,"data":[2.64448,3.90463,-11.4336,5.60866,-0.145624,-9.87042,0.764237,-0.319594,-9.95874,-0.0221653,2.49631,-11.6675,0.764237,-0.319594,-9.95874,2.04799,-0.252126,-2.27105,-3.87346,-0.490807,-4.45277,5.85031,-0.378668,-5.7326,6.81052,2.78403,-4.03929,3.81955,4.04891,-1.71584,2.04799,-0.252126,-2.27105,6.3343,4.69209,-4.63368,-0.0221653,2.49631,-11.6675,0.376079,6.13906,-8.34238,2.64448,3.90463,-11.4336,-1.26555e-06,0,0,3.81955,4.04891,-1.71584,0.713347,5.48817,-1.86556,2.04799,-0.252126,-2.27105,0.713347,5.48817,-1.86556,3.81955,4.04891,-1.71584,1.81551,6.6693,-4.41415,-4.6563,2.14052,-8.33754,-0.0221653,2.49631,-11.6675,0.764237,-0.319594,-9.95874,-3.87346,-0.490807,-4.45277,6.99593,3.43421,-7.99119,2.64448,3.90463,-11.4336,4.29078,5.89342,-8.82418,5.60866,-0.145624,-9.87042,6.3343,4.69209,-4.63368,6.81052,2.78403,-4.03929,6.99593,3.43421,-7.99119,-4.6563,2.14052,-8.33754,-3.95007,2.27854,-3.60421,-3.90929,4.06555,-6.19251,-3.87346,-0.490807,-4.45277,5.85031,-0.378668,-5.7326,5.60866,-0.145624,-9.87042,6.99593,3.43421,-7.99119,6.81052,2.78403,-4.03929,2.64448,3.90463,-11.4336,0.376079,6.13906,-8.34238,4.29078,5.89342,-8.82418,-3.90929,4.06555,-6.19251,1.81551,6.6693,-4.41415,0.376079,6.13906,-8.34238,-3.90929,4.06555,-6.19251,0.713347,5.48817,-1.86556,1.81551,6.6693,-4.41415,6.99593,3.43421,-7.99119,5.00975,6.48009,-6.02415,6.3343,4.69209,-4.63368,4.29078,5.89342,-8.82418,2.04799,-0.252126,-2.27105,5.85031,-0.378668,-5.7326,6.81052,2.78403,-4.03929,-0.0221653,2.49631,-11.6675,-4.6563,2.14052,-8.33754,0.376079,6.13906,-8.34238,-3.90929,4.06555,-6.19251,-3.90929,4.06555,-6.19251,-3.95007,2.27854,-3.60421,0.713347,5.48817,-1.86556,-3.95007,2.27854,-3.60421,-1.26555e-06,0,0,0.713347,5.48817,-1.86556,5.00975,6.48009,-6.02415,3.81955,4.04891,-1.71584,6.3343,4.69209,-4.63368,1.81551,6.6693,-4.41415,-3.87346,-0.490807,-4.45277,-1.26555e-06,0,0,-3.95007,2.27854,-3.60421,5.85031,-0.378668,-5.7326,0.764237,-0.319594,-9.95874,5.60866,-0.145624,-9.87042,-3.87346,-0.490807,-4.45277,2.04799,-0.252126,-2.27105,-1.26555e-06,0,0,5.00975,6.48009,-6.02415,4.29078,5.89342,-8.82418,1.81551,6.6693,-4.41415,0.376079,6.13906,-8.34238]},"normal":{"type":"float32","components":3,"data":[0.118212,-0.373816,-0.919939,0.118212,-0.373816,-0.919939,0.118212,-0.373816,-0.919939,0.118212,-0.373816,-0.919939,0.0124135,-0.9999,0.00670227,0.0124135,-0.9999,0.00670227,0.0124135,-0.9999,0.00670227,0.0124135,-0.9999,0.00670227,0.578418,-0.115575,0.807512,0.578418,-0.115575,0.807512,0.578418,-0.115575,0.807512,0.578418,-0.115575,0.807512,-0.289227,0.662419,-0.691049,-0.289227,0.662419,-0.691049,-0.289227,0.662419,-0.691049,0.387483,0.024995,0.921538,0.387483,0.024995,0.921538,0.387483,0.024995,0.921538,0.387483,0.024995,0.921538,0.340523,0.788237,0.512569,0.340523,0.788237,0.512569,0.340523,0.788237,0.512569,-0.476361,-0.69296,-0.541191,-0.476361,-0.69296,-0.541191,-0.476361,-0.69296,-0.541191,-0.476361,-0.69296,-0.541191,0.61591,0.263061,-0.742599,0.61591,0.263061,-0.742599,0.61591,0.263061,-0.742599,0.61591,0.263061,-0.742599,0.959524,0.2672,0.0889792,0.959524,0.2672,0.0889792,0.959524,0.2672,0.0889792,-0.988115,0.0479891,0.146031,-0.988115,0.0479891,0.146031,-0.988115,0.0479891,0.146031,-0.988115,0.0479891,0.146031,0.95008,-0.309383,-0.0403821,0.95008,-0.309383,-0.0403821,0.95008,-0.309383,-0.0403821,0.95008,-0.309383,-0.0403821,-0.0231139,0.802103,-0.596739,-0.0231139,0.802103,-0.596739,-0.0231139,0.802103,-0.596739,-0.422112,0.905965,0.0323868,-0.422112,0.905965,0.0323868,-0.422112,0.905965,0.0323868,-0.457045,0.865825,0.20361,-0.457045,0.865825,0.20361,-0.457045,0.865825,0.20361,0.760251,0.620327,-0.192905,0.760251,0.620327,-0.192905,0.760251,0.620327,-0.192905,0.760251,0.620327,-0.192905,0.567236,-0.515908,0.641936,0.567236,-0.515908,0.641936,0.567236,-0.515908,0.641936,-0.518038,0.651307,-0.554469,-0.518038,0.651307,-0.554469,-0.518038,0.651307,-0.554469,-0.518038,0.651307,-0.554469,-0.614549,0.653678,0.441628,-0.614549,0.653678,0.441628,-0.614549,0.653678,0.441628,-0.522601,0.334502,0.784217,-0.522601,0.334502,0.784217,-0.522601,0.334502,0.784217,0.360994,0.765964,0.531961,0.360994,0.765964,0.531961,0.360994,0.765964,0.531961,0.360994,0.765964,0.531961,-0.723772,-0.220385,0.6539,-0.723772,-0.220385,0.6539,-0.723772,-0.220385,0.6539,0.0368894,-0.997615,-0.0583405,0.0368894,-0.997615,-0.0583405,0.0368894,-0.997615,-0.0583405,-0.000444424,-0.993938,0.109943,-0.000444424,-0.993938,0.109943,-0.000444424,-0.993938,0.109943,0.0111006,0.985858,-0.167217,0.0111006,0.985858,-0.167217,0.0111006,0.985858,-0.167217,0.0111006,0.985858,-0.167217]},"texCoord0":{"type":"float32","components":2,"data":[0.117162,0.805449,0.117162,0.805449,0.0767358,0.765023,0.117162,0.765023,0.117162,0.805449,0.0767358,0.765023,0.117162,0.765023,0.117162,0.805449,0.117162,0.765023,0.117162,0.805449,0.0767358,0.765023,0.117162,0.805449,0.0767358,0.765023,0.117162,0.765023,0.117162,0.805449,0.0767358,0.765023,0.117162,0.805449,0.0767358,0.765023,0.117162,0.765023,0.0767358,0.765023,0.117162,0.765023,0.117162,0.805449,0.117162,0.765023,0.117162,0.805449,0.0767358,0.765023,0.117162,0.765023,0.117162,0.805449,0.0767358,0.765023,0.117162,0.765023,0.0767358,0.765023,0.0767358,0.765023,0.117162,0.765023,0.117162,0.805449,0.117162,0.805449,0.117162,0.765023,0.117162,0.805449,0.0767358,0.765023,0.0767358,0.765023,0.0767358,0.765023,0.117162,0.765023,0.117162,0.805449,0.0767358,0.765023,0.117162,0.765023,0.117162,0.805449,0.0767358,0.765023,0.117162,0.765023,0.117162,0.805449,0.0767358,0.765023,0.117162,0.765023,0.117162,0.805449,0.0767358,0.765023,0.117162,0.765023,0.117162,0.805449,0.117162,0.765023,0.0767358,0.765023,0.117162,0.765023,0.117162,0.805449,0.0767358,0.765023,0.117162,0.765023,0.117162,0.805449,0.117162,0.805449,0.0767358,0.765023,0.117162,0.765023,0.117162,0.805449,0.0767358,0.765023,0.117162,0.765023,0.117162,0.805449,0.0767358,0.765023,0.117162,0.765023,0.117162,0.805449,0.0767358,0.765023,0.0767358,0.765023,0.117162,0.765023,0.117162,0.805449,0.0767358,0.765023,0.117162,0.765023,0.117162,0.805449,0.0767358,0.765023,0.117162,0.765023,0.117162,0.805449,0.117162,0.805449,0.0767358,0.765023,0.117162,0.765023,0.0767358,0.765023]}}],"meshes":[{"aabb":{"min":[-4.6563,-0.490807,-11.6675],"max":[6.99593,6.6693,0]},"vertices":0,"indices":[0,1,2,0,2,3,4,5,6,5,4,7,8,9,10,9,8,11,12,13,14,15,16,17,16,15,18,19,20,21,22,23,24,24,25,22,26,27,28,27,26,29,30,31,32,33,34,35,34,33,36,37,38,39,37,39,40,41,42,43,44,45,46,47,48,49,50,51,52,51,50,53,54,55,56,57,58,59,59,58,60,61,62,63,64,65,66,67,68,69,68,67,70,71,72,73,74,75,76,77,78,79,80,81,82,81,83,82],"type":"triangles","base":0,"count":108}],"meshInstances":[{"node":1,"mesh":0}]}}