{"model":{"version":3,"nodes":[{"name":"RootNode","position":[0,0,0],"rotation":[0,0,0],"scale":[0.01,0.01,0.01],"scaleCompensation":false},{"name":"log2","position":[0,0,0],"rotation":[0,-0.383498,0],"scale":[1,1,1],"scaleCompensation":false}],"parents":[-1,0],"skins":[],"morphs":[],"vertices":[{"position":{"type":"float32","components":3,"data":[-3.99714,43.4808,-2.53729,-3.06042,23.843,4.42808,-3.75892,44.3722,4.14915,-2.58387,23.287,-1.46592,3.41143,44.3873,-2.20082,3.46648,22.7568,-1.73309,-2.58387,23.287,-1.46592,-3.99714,43.4808,-2.53729,3.7034,23.3942,4.47554,3.41143,44.3873,-2.20082,3.27857,45.0111,4.65661,3.46648,22.7568,-1.73309,3.27857,45.0111,4.65661,-3.06042,23.843,4.42808,3.7034,23.3942,4.47554,-3.75892,44.3722,4.14915,2.63005,0,2.88737,-3.27491,0,3.27491,-3.27491,0,-3.27491,3.27321,0,-3.52905,-3.75892,44.3722,4.14915,3.27857,45.0111,4.65661,3.41143,44.3873,-2.20082,-3.99714,43.4808,-2.53729,3.7034,23.3942,4.47554,-3.27491,0,3.27491,2.63005,0,2.88737,-3.06042,23.843,4.42808,2.63005,0,2.88737,3.46648,22.7568,-1.73309,3.7034,23.3942,4.47554,3.27321,0,-3.52905,3.46648,22.7568,-1.73309,3.27321,0,-3.52905,-3.27491,0,-3.27491,-2.58387,23.287,-1.46592,-3.27491,0,3.27491,-3.06042,23.843,4.42808,-2.58387,23.287,-1.46592,-3.27491,0,-3.27491]},"normal":{"type":"float32","components":3,"data":[-0.998553,-0.0522099,-0.0129103,-0.998553,-0.0522099,-0.0129103,-0.998553,-0.0522099,-0.0129103,-0.998553,-0.0522099,-0.0129103,0.00616761,-0.0365574,-0.999312,0.00616761,-0.0365574,-0.999312,0.00616761,-0.0365574,-0.999312,0.00616761,-0.0365574,-0.999312,0.999898,0.0110352,-0.00902783,0.999898,0.0110352,-0.00902783,0.999898,0.0110352,-0.00902783,0.999898,0.0110352,-0.00902783,-0.040193,0.00124869,0.999191,-0.040193,0.00124869,0.999191,-0.040193,0.00124869,0.999191,-0.040193,0.00124869,0.999191,0,-1,0,0,-1,0,0,-1,0,0,-1,0,-0.0993777,0.988965,-0.109871,-0.0993777,0.988965,-0.109871,-0.0993777,0.988965,-0.109871,-0.0993777,0.988965,-0.109871,0.0247131,-0.0585898,0.997976,0.0247131,-0.0585898,0.997976,0.0247131,-0.0585898,0.997976,0.0247131,-0.0585898,0.997976,0.998987,-0.029885,0.0336535,0.998987,-0.029885,0.0336535,0.998987,-0.029885,0.0336535,0.998987,-0.029885,0.0336535,-0.0379077,0.0787224,-0.996176,-0.0379077,0.0787224,-0.996176,-0.0379077,0.0787224,-0.996176,-0.0379077,0.0787224,-0.996176,-0.998996,0.0216592,-0.0392255,-0.998996,0.0216592,-0.0392255,-0.998996,0.0216592,-0.0392255,-0.998996,0.0216592,-0.0392255]},"texCoord0":{"type":"float32","components":2,"data":[0.044238,0.853836,0.0206644,0.830262,0.044238,0.830262,0.0206644,0.853836,0.044238,0.853836,0.0206644,0.853836,0.0206644,0.830262,0.044238,0.830262,0.0206644,0.853836,0.044238,0.830262,0.044238,0.853836,0.0206644,0.830262,0.044238,0.830262,0.0206644,0.853836,0.0206644,0.830262,0.044238,0.853836,0.044238,0.853836,0.0206644,0.853836,0.0206644,0.830262,0.044238,0.830262,0.103145,0.858486,0.0795719,0.858486,0.0795719,0.834913,0.103145,0.834913,0.044238,0.830262,0.0206644,0.853836,0.0206644,0.830262,0.044238,0.853836,0.0206644,0.853836,0.044238,0.830262,0.044238,0.853836,0.0206644,0.830262,0.044238,0.853836,0.0206644,0.853836,0.0206644,0.830262,0.044238,0.830262,0.0206644,0.830262,0.044238,0.830262,0.044238,0.853836,0.0206644,0.853836]}}],"meshes":[{"aabb":{"min":[-3.99714,0,-3.52905],"max":[3.7034,45.0111,4.65661]},"vertices":0,"indices":[0,1,2,1,0,3,4,5,6,6,7,4,8,9,10,9,8,11,12,13,14,13,12,15,16,17,18,16,18,19,20,21,22,20,22,23,24,25,26,25,24,27,28,29,30,29,28,31,32,33,34,34,35,32,36,37,38,36,38,39],"type":"triangles","base":0,"count":60}],"meshInstances":[{"node":1,"mesh":0}]}}