{"model":{"version":3,"nodes":[{"name":"RootNode","position":[0,0,0],"rotation":[0,0,0],"scale":[0.01,0.01,0.01],"scaleCompensation":false},{"name":"Stone5","position":[0,0,0],"rotation":[0,0,0],"scale":[1,1,1],"scaleCompensation":false}],"parents":[-1,0],"skins":[],"morphs":[],"vertices":[{"position":{"type":"float32","components":3,"data":[-1.68035,1.98589,-2.44872,-5.30244,1.92127,-3.11948,-3.59878,3.19014,-2.79663,-4.82782,-0.436592,-4.01371,-4.82782,-0.436592,-4.01371,-3.81715,-0.324544,3.43342,-8.02592,-0.383186,1.62469,1.8768e-06,0,6.48082e-07,-0.693473,1.99474,0.466211,-3.30232,3.37626,1.99161,-3.81715,-0.324544,3.43342,-1.0986,3.58314,0.148732,-5.30244,1.92127,-3.11948,-4.5199,3.04277,-1.48662,-3.59878,3.19014,-2.79663,-3.81715,-0.324544,3.43342,-3.30232,3.37626,1.99161,-5.41434,2.31911,3.43825,-5.10728,3.73793,2.4061,-5.10728,3.73793,2.4061,-3.30232,3.37626,1.99161,-4.33555,4.05135,0.406812,-4.82782,-0.436592,-4.01371,-8.02592,-0.383186,1.62469,-7.095,2.00971,-0.67082,-5.30244,1.92127,-3.11948,-2.47088,3.93593,-1.88773,-1.68035,1.98589,-2.44872,-3.59878,3.19014,-2.79663,-0.857391,3.65311,-1.39138,-1.0986,3.58314,0.148732,-0.693473,1.99474,0.466211,-0.857391,3.65311,-1.39138,-7.095,2.00971,-0.67082,-6.95089,2.67913,2.42926,-6.29737,3.54418,0.239863,-8.02592,-0.383186,1.62469,-1.68035,1.98589,-2.44872,-0.693473,1.99474,0.466211,1.8768e-06,0,6.48082e-07,-0.857391,3.65311,-1.39138,-3.59878,3.19014,-2.79663,-4.5199,3.04277,-1.48662,-2.47088,3.93593,-1.88773,-6.29737,3.54418,0.239863,-4.33555,4.05135,0.406812,-4.5199,3.04277,-1.48662,-6.29737,3.54418,0.239863,-5.10728,3.73793,2.4061,-4.33555,4.05135,0.406812,-0.857391,3.65311,-1.39138,-2.47088,3.93593,-1.88773,-2.18924,4.7852,-0.396101,-1.0986,3.58314,0.148732,-3.81715,-0.324544,3.43342,1.8768e-06,0,6.48082e-07,-0.693473,1.99474,0.466211,-5.30244,1.92127,-3.11948,-7.095,2.00971,-0.67082,-4.5199,3.04277,-1.48662,-6.29737,3.54418,0.239863,-6.29737,3.54418,0.239863,-6.95089,2.67913,2.42926,-5.10728,3.73793,2.4061,-6.95089,2.67913,2.42926,-5.41434,2.31911,3.43825,-5.10728,3.73793,2.4061,-2.18924,4.7852,-0.396101,-3.30232,3.37626,1.99161,-1.0986,3.58314,0.148732,-4.33555,4.05135,0.406812,-8.02592,-0.383186,1.62469,-5.41434,2.31911,3.43825,-6.95089,2.67913,2.42926,1.8768e-06,0,6.48082e-07,-4.82782,-0.436592,-4.01371,-1.68035,1.98589,-2.44872,-8.02592,-0.383186,1.62469,-3.81715,-0.324544,3.43342,-5.41434,2.31911,3.43825,-2.18924,4.7852,-0.396101,-4.5199,3.04277,-1.48662,-4.33555,4.05135,0.406812,-2.47088,3.93593,-1.88773]},"normal":{"type":"float32","components":3,"data":[0.171289,0.260787,-0.950079,0.171289,0.260787,-0.950079,0.171289,0.260787,-0.950079,0.171289,0.260787,-0.950079,0.0493693,-0.998746,0.00832685,0.0493693,-0.998746,0.00832685,0.0493693,-0.998746,0.00832685,0.0493693,-0.998746,0.00832685,0.582907,0.24554,0.774551,0.582907,0.24554,0.774551,0.582907,0.24554,0.774551,0.582907,0.24554,0.774551,-0.53635,0.793382,-0.287878,-0.53635,0.793382,-0.287878,-0.53635,0.793382,-0.287878,0.407646,0.34342,0.846102,0.407646,0.34342,0.846102,0.407646,0.34342,0.846102,0.407646,0.34342,0.846102,0.243642,0.939367,0.241306,0.243642,0.939367,0.241306,0.243642,0.939367,0.241306,-0.84932,-0.0726459,-0.522855,-0.84932,-0.0726459,-0.522855,-0.84932,-0.0726459,-0.522855,-0.84932,-0.0726459,-0.522855,0.366562,0.39142,-0.844051,0.366562,0.39142,-0.844051,0.366562,0.39142,-0.844051,0.366562,0.39142,-0.844051,0.948166,0.274001,0.160947,0.948166,0.274001,0.160947,0.948166,0.274001,0.160947,-0.919796,0.390197,-0.0415003,-0.919796,0.390197,-0.0415003,-0.919796,0.390197,-0.0415003,-0.919796,0.390197,-0.0415003,0.942391,0.0995462,-0.319357,0.942391,0.0995462,-0.319357,0.942391,0.0995462,-0.319357,0.942391,0.0995462,-0.319357,-0.424047,0.883558,-0.198769,-0.424047,0.883558,-0.198769,-0.424047,0.883558,-0.198769,-0.187959,0.874341,-0.447437,-0.187959,0.874341,-0.447437,-0.187959,0.874341,-0.447437,-0.254184,0.965688,0.05327,-0.254184,0.965688,0.05327,-0.254184,0.965688,0.05327,0.532786,0.817865,-0.21734,0.532786,0.817865,-0.21734,0.532786,0.817865,-0.21734,0.532786,0.817865,-0.21734,0.664966,0.0571287,0.744685,0.664966,0.0571287,0.744685,0.664966,0.0571287,0.744685,-0.453942,0.742213,-0.493008,-0.453942,0.742213,-0.493008,-0.453942,0.742213,-0.493008,-0.453942,0.742213,-0.493008,-0.487011,0.852181,0.191333,-0.487011,0.852181,0.191333,-0.487011,0.852181,0.191333,-0.335792,0.600562,0.725651,-0.335792,0.600562,0.725651,-0.335792,0.600562,0.725651,0.162234,0.814874,0.556472,0.162234,0.814874,0.556472,0.162234,0.814874,0.556472,0.162234,0.814874,0.556472,-0.552778,-0.02479,0.832959,-0.552778,-0.02479,0.832959,-0.552778,-0.02479,0.832959,0.617915,-0.347071,-0.705495,0.617915,-0.347071,-0.705495,0.617915,-0.347071,-0.705495,-0.381329,-0.232018,0.894849,-0.381329,-0.232018,0.894849,-0.381329,-0.232018,0.894849,-0.427995,0.815851,-0.388853,-0.427995,0.815851,-0.388853,-0.427995,0.815851,-0.388853,-0.427995,0.815851,-0.388853]},"texCoord0":{"type":"float32","components":2,"data":[0.117162,0.805449,0.117162,0.765023,0.117162,0.805449,0.0767358,0.765023,0.117162,0.805449,0.0767358,0.765023,0.117162,0.765023,0.117162,0.805449,0.117162,0.765023,0.117162,0.805449,0.0767358,0.765023,0.117162,0.805449,0.0767358,0.765023,0.117162,0.765023,0.117162,0.805449,0.117162,0.765023,0.117162,0.805449,0.0767358,0.765023,0.0767358,0.765023,0.0767358,0.765023,0.117162,0.765023,0.117162,0.805449,0.0767358,0.765023,0.117162,0.765023,0.117162,0.765023,0.117162,0.805449,0.117162,0.765023,0.0767358,0.765023,0.0767358,0.765023,0.117162,0.805449,0.0767358,0.765023,0.117162,0.765023,0.117162,0.805449,0.117162,0.805449,0.117162,0.765023,0.117162,0.805449,0.0767358,0.765023,0.0767358,0.765023,0.117162,0.805449,0.0767358,0.765023,0.117162,0.765023,0.0767358,0.765023,0.117162,0.765023,0.117162,0.805449,0.0767358,0.765023,0.117162,0.765023,0.117162,0.805449,0.0767358,0.765023,0.117162,0.765023,0.117162,0.805449,0.0767358,0.765023,0.117162,0.765023,0.117162,0.765023,0.117162,0.805449,0.0767358,0.765023,0.117162,0.765023,0.117162,0.805449,0.0767358,0.765023,0.117162,0.765023,0.117162,0.805449,0.117162,0.805449,0.0767358,0.765023,0.117162,0.765023,0.117162,0.805449,0.0767358,0.765023,0.117162,0.765023,0.117162,0.805449,0.0767358,0.765023,0.117162,0.765023,0.117162,0.805449,0.0767358,0.765023,0.0767358,0.765023,0.117162,0.765023,0.117162,0.805449,0.0767358,0.765023,0.117162,0.765023,0.117162,0.805449,0.0767358,0.765023,0.117162,0.765023,0.117162,0.805449,0.117162,0.805449,0.0767358,0.765023,0.117162,0.765023,0.0767358,0.765023]}}],"meshes":[{"aabb":{"min":[-8.02592,-0.436592,-4.01371],"max":[1.8768e-06,4.7852,3.43825]},"vertices":0,"indices":[0,1,2,1,0,3,4,5,6,5,4,7,8,9,10,9,8,11,12,13,14,15,16,17,17,16,18,19,20,21,22,23,24,22,24,25,26,27,28,27,26,29,30,31,32,33,34,35,34,33,36,37,38,39,38,37,40,41,42,43,44,45,46,47,48,49,50,51,52,50,52,53,54,55,56,57,58,59,58,60,59,61,62,63,64,65,66,67,68,69,68,67,70,71,72,73,74,75,76,77,78,79,80,81,82,81,80,83],"type":"triangles","base":0,"count":108}],"meshInstances":[{"node":1,"mesh":0}]}}