{"model":{"version":3,"nodes":[{"name":"RootNode","position":[0,0,0],"rotation":[0,0,0],"scale":[0.01,0.01,0.01],"scaleCompensation":false},{"name":"mushroom2","position":[0,0,0],"rotation":[0,0,0],"scale":[1.29523,1.29523,1.29523],"scaleCompensation":false}],"parents":[-1,0],"skins":[],"morphs":[],"vertices":[{"position":{"type":"float32","components":3,"data":[6.94289e-09,9.83171e-07,5.41259e-09,0.0272235,0.0473161,-2.01477,1.59184,-0.0203049,-1.23608,1.68142,2.04616,-0.814043,0.194275,2.07997,-1.90891,1.40968,4.11262,-1.12418,-2.33199e-08,4.11262,-1.80305,6.94289e-09,9.83171e-07,5.41259e-09,1.59184,-0.0203049,-1.23608,1.95777,-0.0726352,0.473405,1.75784,4.11262,0.401215,1.51958,2.01999,0.43731,1.68142,2.04616,-0.814043,1.40968,4.11262,-1.12418,6.94289e-09,9.83171e-07,5.41259e-09,1.95777,-0.0726352,0.473405,0.84946,-0.070269,1.8264,0.782312,4.11262,1.62449,0.565387,2.02117,1.72545,1.51958,2.01999,0.43731,1.75784,4.11262,0.401215,6.94289e-09,9.83171e-07,5.41259e-09,0.84946,-0.070269,1.8264,-0.898515,-0.014988,1.80408,-0.782312,4.11262,1.62449,0.565387,2.02117,1.72545,0.782312,4.11262,1.62449,-0.979515,2.04881,1.71429,6.94289e-09,9.83171e-07,5.41259e-09,-0.898515,-0.014988,1.80408,-1.96989,0.0515801,0.423251,-0.782312,4.11262,1.62449,-1.6832,2.0821,0.412233,-0.979515,2.04881,1.71429,-1.75784,4.11262,0.401215,6.94289e-09,9.83171e-07,5.41259e-09,-1.96989,0.0515801,0.423251,-1.5579,0.079308,-1.2763,-1.40968,4.11262,-1.12418,-1.6832,2.0821,0.412233,-1.75784,4.11262,0.401215,-1.30312,2.09596,-1.20024,6.94289e-09,9.83171e-07,5.41259e-09,-1.5579,0.079308,-1.2763,0.0272235,0.0473161,-2.01477,0.194275,2.07997,-1.90891,-1.30312,2.09596,-1.20024,-2.33199e-08,4.11262,-1.80305,-1.40968,4.11262,-1.12418,1.75784,4.11262,0.401215,2.30708,3.60818,4.7907,0.782312,4.11262,1.62449,5.18396,3.60818,1.1832,-5.18396,3.60818,1.18321,-4.15721,3.60818,-3.31527,-1.40968,4.11262,-1.12418,-1.75784,4.11262,0.401215,-0.782312,4.11262,1.62449,-2.30708,3.60818,4.7907,-1.75784,4.11262,0.401215,-5.18396,3.60818,1.18321,5.18396,3.60818,1.1832,1.40968,4.11262,-1.12418,4.15721,3.60818,-3.31527,1.75784,4.11262,0.401215,1.40314e-07,3.60818,-5.31727,-2.33199e-08,4.11262,-1.80305,-4.15721,3.60818,-3.31527,-1.40968,4.11262,-1.12418,1.40314e-07,3.60818,-5.31727,1.40968,4.11262,-1.12418,-2.33199e-08,4.11262,-1.80305,4.15721,3.60818,-3.31527,2.30708,3.60818,4.7907,-0.782312,4.11262,1.62449,0.782312,4.11262,1.62449,-2.30708,3.60818,4.7907,-2.27459,4.86204,4.72325,-5.18396,3.60818,1.18321,-2.30708,3.60818,4.7907,-5.11097,4.86204,1.16655,1.40314e-07,3.60818,-5.31727,3.77123,4.69075,-2.79651,4.15721,3.60818,-3.31527,1.40886e-07,4.97119,-4.58136,5.18396,3.60818,1.1832,3.77123,4.69075,-2.79651,5.11097,4.86204,1.16655,4.15721,3.60818,-3.31527,-5.18396,3.60818,1.18321,-3.62787,4.81777,-2.74818,-4.15721,3.60818,-3.31527,-5.11097,4.86204,1.16655,-2.27459,4.86204,4.72325,2.30708,3.60818,4.7907,2.27459,4.86204,4.72325,-2.30708,3.60818,4.7907,1.40314e-07,3.60818,-5.31727,-4.15721,3.60818,-3.31527,-3.62787,4.81777,-2.74818,1.40886e-07,4.97119,-4.58136,2.27459,4.86204,4.72325,5.18396,3.60818,1.1832,5.11097,4.86204,1.16655,2.30708,3.60818,4.7907,-5.11097,4.86204,1.16655,-2.55384,6.50113,-1.61575,-3.62787,4.81777,-2.74818,-2.52648,6.73787,0.576654,2.27459,4.86204,4.72325,1.12439,6.16749,2.33482,-2.27459,4.86204,4.72325,-1.12439,6.73787,2.33482,8.03254e-08,6.24363,-2.59146,-3.62787,4.81777,-2.74818,-2.55384,6.50113,-1.61575,1.40886e-07,4.97119,-4.58136,5.11097,4.86204,1.16655,1.12439,6.16749,2.33482,2.27459,4.86204,4.72325,2.52648,6.73787,0.576654,3.77123,4.69075,-2.79651,2.52648,6.73787,0.576654,5.11097,4.86204,1.16655,2.02608,6.39537,-1.61575,2.02608,6.39537,-1.61575,1.40886e-07,4.97119,-4.58136,8.03254e-08,6.24363,-2.59146,3.77123,4.69075,-2.79651,-5.11097,4.86204,1.16655,-2.27459,4.86204,4.72325,-1.12439,6.73787,2.33482,-2.52648,6.73787,0.576654,1.12439,6.16749,2.33482,2.52648,6.73787,0.576654,2.11234e-08,7.15341,2.15857e-07,8.03254e-08,6.24363,-2.59146,-2.55384,6.50113,-1.61575,2.11234e-08,7.15341,2.15857e-07,1.12439,6.16749,2.33482,2.11234e-08,7.15341,2.15857e-07,-1.12439,6.73787,2.33482,-2.55384,6.50113,-1.61575,-2.52648,6.73787,0.576654,2.11234e-08,7.15341,2.15857e-07,2.52648,6.73787,0.576654,2.02608,6.39537,-1.61575,2.11234e-08,7.15341,2.15857e-07,8.03254e-08,6.24363,-2.59146,2.11234e-08,7.15341,2.15857e-07,2.02608,6.39537,-1.61575,-2.52648,6.73787,0.576654,-1.12439,6.73787,2.33482,2.11234e-08,7.15341,2.15857e-07,0.0272235,0.0473161,-2.01477,-1.30312,2.09596,-1.20024,0.194275,2.07997,-1.90891,-1.5579,0.079308,-1.2763,-1.30312,2.09596,-1.20024,-1.96989,0.0515801,0.423251,-1.6832,2.0821,0.412233,-1.5579,0.079308,-1.2763,-0.979515,2.04881,1.71429,-1.96989,0.0515801,0.423251,-0.898515,-0.014988,1.80408,-1.6832,2.0821,0.412233,0.565387,2.02117,1.72545,-0.898515,-0.014988,1.80408,0.84946,-0.070269,1.8264,-0.979515,2.04881,1.71429,0.565387,2.02117,1.72545,0.84946,-0.070269,1.8264,1.95777,-0.0726352,0.473405,1.51958,2.01999,0.43731,1.95777,-0.0726352,0.473405,1.68142,2.04616,-0.814043,1.51958,2.01999,0.43731,1.59184,-0.0203049,-1.23608,1.59184,-0.0203049,-1.23608,0.194275,2.07997,-1.90891,1.68142,2.04616,-0.814043,0.0272235,0.0473161,-2.01477]},"normal":{"type":"float32","components":3,